,noise_accuracy,denoise_accuracy,noise_error,denoise_error,singular_value_count,random_seed
0,0.9970993473531544,1.0,78.37733278484292,113.34190733890816,85,442887188
1,0.9992748368382887,1.0,78.29208603290844,113.27472509012162,85,370340492
2,0.6758520667150109,0.9963741841914431,78.30088991564831,113.66086611195989,84,2006835219
3,0.9963741841914431,1.0,78.22044077228199,113.29598997930728,85,1134970217
4,0.9949238578680203,0.9985496736765772,78.2236094086231,113.59057913846782,84,1473264029
5,0.9978245105148659,1.0,78.26209609428084,113.46302402221399,85,1948385189
6,0.9970993473531544,1.0,78.31082418461509,114.13201555725848,83,122144823
7,0.9978245105148659,1.0,78.3236044246592,113.72262850325149,84,1092436747
8,0.9985496736765772,1.0,78.3462022566519,113.8301010746445,84,1307136435
9,0.9978245105148659,1.0,78.35072037135453,113.71851068618739,84,1499467591
10,0.9927483683828862,1.0,78.34030940944724,113.34991498128242,85,300187989
11,0.6823785351704134,1.0,78.35718019979211,113.69512968899268,84,1670371326
12,0.9920232052211748,1.0,78.36422802585247,112.4262235843583,88,688702434
13,0.9956490210297317,1.0,78.35149739048366,112.97869543275519,86,1272167497
14,0.9956490210297317,0.9985496736765772,78.35528188337494,113.25888350003716,86,1149467179
15,0.9956490210297317,0.9970993473531544,78.38619958324256,112.88379817585879,87,1614125866
16,0.9970993473531544,1.0,78.43864775582236,113.65198817522054,85,1639381113
17,0.9949238578680203,1.0,78.47136162729885,114.03077777807236,84,6553851
18,0.9934735315445975,1.0,78.52179318702805,113.66388503164004,85,1738120702
19,0.994198694706309,1.0,78.49339773303903,114.28733136960882,83,2036615128
20,0.9956490210297317,1.0,78.43261444576177,113.56067939023384,85,1592163310
21,0.9956490210297317,1.0,78.40670156354855,113.65594630567901,84,853889789
22,0.9970993473531544,0.700507614213198,78.42779875482327,113.28752698610134,85,466061389
23,0.9920232052211748,1.0,78.32587172721566,113.30774483761914,85,1435860130
24,0.9963741841914431,0.9992748368382887,78.2880203211595,113.2544529248099,85,1243505819
25,0.9949238578680203,1.0,78.19865528925031,113.21204647532524,85,755245461
26,0.9985496736765772,1.0,78.16936780310192,112.80322920959755,86,1617311823
27,0.9927483683828862,0.9985496736765772,78.13787602008333,113.61137256766033,84,1644369582
28,0.678027556200145,0.9978245105148659,78.07067412623108,113.24908062225917,85,2021528044
29,0.9970993473531544,0.6809282088469906,77.98106985695084,112.94409386783613,86,248482490
30,0.9934735315445975,1.0,77.94545407110351,112.85006953998237,86,1326065449
31,0.994198694706309,1.0,77.8492714907741,113.21416580085922,85,1463078165
32,0.6424945612762871,0.9992748368382887,77.76862499541726,113.52897458816325,84,708291528
33,0.7258883248730964,0.9992748368382887,77.7160700671196,112.45925347234228,87,1424144746
34,0.9985496736765772,1.0,77.66504924149467,112.6445695488314,86,632657716
35,0.9978245105148659,1.0,77.60813261550278,112.52178873249613,86,413104021
36,0.9970993473531544,1.0,77.58926630864951,113.0846220015526,84,157950880
37,0.9970993473531544,1.0,77.59459081309093,112.32580348723934,86,1530363856
38,0.9934735315445975,1.0,77.66789772190425,112.47386297250797,85,227230531
39,0.9920232052211748,1.0,77.72884592379074,112.50396031230821,85,1434783342
40,0.9978245105148659,0.9992748368382887,77.71681449923774,113.02529397668562,84,753353548
41,0.9927483683828862,1.0,77.6687376660365,112.9334067865058,84,1797269939
42,0.9956490210297317,1.0,77.72150678133316,112.63356080228924,85,1565590275
43,0.994198694706309,1.0,77.70165065425033,112.74734562751837,85,1858425228
44,0.9949238578680203,0.9992748368382887,77.73083306621922,112.39790327057007,86,1646443842
45,0.9912980420594634,1.0,77.69657587408513,112.45651106142893,86,86532689
46,1.0,1.0,77.63978865887313,112.83009404442144,85,893550389
47,0.6707759245830311,0.9985496736765772,77.64701856083727,112.80431672369764,85,404357463
48,0.9978245105148659,1.0,77.69937897370815,113.80456507352487,82,1351615448
49,0.9985496736765772,0.9992748368382887,77.67023045379042,113.13078809163521,84,1338365196
50,0.9970993473531544,0.9992748368382887,77.72313710234812,112.80106506934226,85,1846197236
51,0.9949238578680203,0.9992748368382887,77.72699624383714,112.49887570718376,86,475161547
52,0.9956490210297317,0.9992748368382887,77.7633683286952,113.13909821901629,84,486352700
53,0.9912980420594634,0.9985496736765772,77.86596154313816,113.27899607727679,84,675082367
54,0.9912980420594634,1.0,78.0240530321525,112.77827317046966,86,1318769023
55,0.6722262509064539,0.9992748368382887,77.99396894979118,112.89745732607288,86,355940298
56,0.9956490210297317,0.9992748368382887,78.04401560339446,113.42936804594956,85,1027381063
57,0.9876722262509064,1.0,78.06389561966134,113.98762063345524,83,1986414029
58,0.9876722262509064,1.0,78.10471574474585,113.47271077671085,85,321790707
59,0.9956490210297317,0.9992748368382887,78.12231185843216,113.72387660332352,84,1094404425
60,0.9949238578680203,1.0,78.08000612959393,112.94397532124125,86,1513181856
61,0.9934735315445975,1.0,78.02757207718686,113.50323253382138,84,794090055
62,0.9949238578680203,1.0,78.15039174327852,113.50354383056482,84,1360394584
63,0.9949238578680203,1.0,78.17154294067414,113.58572321673783,84,901383862
64,0.9978245105148659,1.0,78.17989850719864,114.04744739240898,83,182096632
65,0.9920232052211748,1.0,78.16206595714766,113.33924582986535,85,1857809597
66,0.9949238578680203,1.0,78.21796400560297,113.39091268179264,85,1192745078
67,0.7737490935460478,1.0,78.29088137775523,113.56739512388351,85,2071662715
68,0.9992748368382887,1.0,78.34371632888237,113.86064493891924,84,43743196
69,0.9978245105148659,0.7258883248730964,78.42689096812475,113.85264281909713,84,1403157524
70,0.9970993473531544,1.0,78.53202150520391,112.82965109523619,87,59653951
71,0.9956490210297317,1.0,78.64881315105022,113.06877427412647,87,1668955356
72,0.6736765772298767,1.0,78.73458850026816,113.52167968206084,86,1365582604
73,0.9985496736765772,1.0,78.78218606595067,112.87375601140667,88,1032958235
74,0.9956490210297317,1.0,78.804847997061,113.22220626401123,87,692800165
75,0.9985496736765772,1.0,78.7865977728547,113.58557699887089,86,1274736390
76,1.0,0.9985496736765772,78.7228101346025,114.18298443661769,84,1239523070
77,0.9985496736765772,0.9985496736765772,78.65910089413818,113.7413793225499,85,833587389
78,0.9970993473531544,0.9992748368382887,78.5184539275735,113.8395101650603,84,2021136648
79,0.9985496736765772,1.0,78.43521941671285,113.421706841991,85,384637641
80,0.9912980420594634,0.9970993473531544,78.38942771961565,113.47305199558073,85,219899442
81,0.9934735315445975,0.9992748368382887,78.3585080799929,113.9132612035417,83,1805111432
82,0.9883973894126178,0.6758520667150109,78.37769797225472,113.88465771449546,83,519657720
83,0.9927483683828862,1.0,78.42263856819503,114.0157110309605,83,94004374
84,0.9891225525743292,1.0,78.4592250392926,114.3674504926024,82,1571406539
85,0.9949238578680203,1.0,78.59454528318743,113.02378335077131,86,878316983
86,0.9970993473531544,1.0,78.71163343447162,113.42730177429081,85,1478166326
87,0.9970993473531544,1.0,78.79507594589246,113.54080205371041,85,1804056668
88,0.9970993473531544,1.0,78.85680217107564,114.01732095670341,84,270064509
89,0.990572878897752,1.0,78.8397335941053,113.79875306232152,85,486237467
90,0.9912980420594634,1.0,78.81652356394093,113.82620886390728,85,517551898
91,0.9920232052211748,0.9978245105148659,78.79329221357582,113.71468427251372,85,1390381156
92,0.6758520667150109,0.9978245105148659,78.68956262592431,114.04837428075517,84,273202106
93,0.9927483683828862,0.9978245105148659,78.60628545129941,113.82822313752281,85,1884375557
94,0.9876722262509064,0.9985496736765772,78.57109028731077,113.43873561498987,86,272323590
95,0.9876722262509064,0.9978245105148659,78.57662073970874,113.73846712994343,85,840178450
96,0.9862218999274837,1.0,78.6603831636115,113.4443786398309,86,1883097574
97,0.9970993473531544,0.9992748368382887,78.71873648544262,113.73876096631456,85,410942465
98,0.9963741841914431,1.0,78.7893713006543,113.48004304393291,86,51695973
99,0.9956490210297317,1.0,78.89804615600218,114.10983309974192,84,1432113529
100,0.9978245105148659,1.0,79.01290033813943,113.77299736738853,85,1792003117
101,0.9927483683828862,1.0,79.06048312468867,114.0213607977883,84,295951053
102,0.9970993473531544,1.0,79.04870541766502,113.80319541087907,85,595834069
103,0.9963741841914431,1.0,79.0067639937705,114.14020938929544,84,816619776
104,0.994198694706309,1.0,79.00390170081594,114.03533608370165,84,252076294
105,0.9920232052211748,0.9992748368382887,79.0056774726143,114.0232534816861,84,135244260
106,0.9934735315445975,0.9985496736765772,79.0187600846686,113.8370336526654,85,457608278
107,0.994198694706309,0.9985496736765772,79.00825624090818,113.55570435626963,86,511730455
108,0.9963741841914431,1.0,78.97289799757058,113.73810978320323,86,1290935968
109,0.9927483683828862,1.0,79.0571840399036,113.94420554163858,85,496968309
110,0.9949238578680203,0.9978245105148659,79.0945066191882,114.29279200676442,84,1359906726
111,0.9985496736765772,1.0,79.12153146794249,114.08508786640817,85,1767372110
112,0.6794778825235678,1.0,79.1576078367262,114.11731800251248,85,796211631
113,0.9891225525743292,1.0,79.14773455555722,113.9799036162047,85,148338490
114,0.6758520667150109,0.9985496736765772,79.15393237706691,114.1689504696482,85,347763910
115,0.9949238578680203,0.9978245105148659,79.16427126265506,113.80465942878881,86,503336432
116,0.9927483683828862,0.9978245105148659,79.1143422185185,113.7500342662176,86,161493888
117,0.9949238578680203,0.9992748368382887,79.1066727976346,114.12227957533355,85,784458357
118,0.9963741841914431,0.9992748368382887,79.11017852264958,114.38508806648031,84,1076268537
119,0.9985496736765772,1.0,79.1068460865528,114.69054943813788,83,675587459
120,0.9992748368382887,1.0,79.11282843260405,114.37349588614306,84,1040020168
121,0.9978245105148659,0.6758520667150109,79.08590982377952,113.62637539462335,86,488229486
122,0.9992748368382887,0.9992748368382887,79.10751184542507,113.67628822181514,86,971104912
123,0.9963741841914431,0.9992748368382887,79.08013117881247,113.80914655833777,85,1845527861
124,0.9985496736765772,0.9985496736765772,79.01817437822858,113.0090641930254,87,1339507991
125,0.9985496736765772,0.9992748368382887,78.96828508063984,113.7133803237245,85,1422543730
126,0.9985496736765772,1.0,78.94296872651975,113.10436036545964,87,1896626651
127,0.9978245105148659,1.0,78.90784840691349,113.60603864718948,85,362221349
128,0.9985496736765772,1.0,78.91757769025271,113.85528439982089,84,2028614079
129,0.9927483683828862,1.0,78.88176640632503,113.50079474087849,85,1402945738
130,0.9970993473531544,0.6809282088469906,78.91064661314891,114.37080377913745,83,947526595
131,0.9912980420594634,0.9985496736765772,78.98005590964166,113.78312859056541,85,1439366853
132,0.9949238578680203,1.0,78.9509824916569,114.0792415431031,84,107941403
133,0.9978245105148659,0.9970993473531544,78.89101522191919,113.73052234114743,85,580392163
134,0.9949238578680203,0.9985496736765772,78.91204846794041,113.79072952271856,85,1970475660
135,0.6736765772298767,0.9992748368382887,78.9588840386734,113.1725404138292,87,2097305073
136,0.994198694706309,0.9978245105148659,78.98379401375462,113.83588135410359,85,410944565
137,0.994198694706309,0.9992748368382887,78.94658266261693,114.28363502026487,84,2118966486
138,0.9949238578680203,1.0,78.90386279265512,114.52623988283788,83,704917871
139,0.9927483683828862,1.0,78.92303530591514,113.49688939853861,86,208021342
140,0.6773023930384336,1.0,78.9442822578348,113.13471464351322,87,915579049
141,0.9963741841914431,0.9992748368382887,78.90901133569311,113.10461043678607,87,289612435
142,0.9927483683828862,0.9992748368382887,78.83894722026447,114.03967703299536,84,706899047
143,0.994198694706309,0.9992748368382887,78.83666901657476,114.44660085258302,83,805900677
144,0.9883973894126178,1.0,78.80092930380079,114.15822795271293,84,1712878868
145,0.9949238578680203,1.0,78.76687719138256,113.58337263226223,86,1117254951
146,0.9949238578680203,1.0,78.73100305687687,113.57418530039033,86,2025172974
147,0.6881798404641044,1.0,78.7038187239832,114.08049450453613,84,1076365198
148,0.9920232052211748,1.0,78.68914027432486,113.88691422711186,85,1264622726
149,0.6802030456852792,1.0,78.68358629091496,114.19451749484003,84,634939805
150,0.990572878897752,0.9992748368382887,78.62863743698351,113.42772420311928,86,762962634
151,0.9934735315445975,1.0,78.61576099494951,113.32204695552853,86,974982649
152,0.9891225525743292,0.9992748368382887,78.62368145020301,113.40817230783419,86,2032462900
153,0.9883973894126178,1.0,78.69815073840567,114.04393343043287,84,130931544
154,0.9912980420594634,1.0,78.72302754414783,113.8866940046699,84,192338283
155,0.994198694706309,1.0,78.84162027933675,113.46665334378973,85,560168187
156,0.9891225525743292,0.9970993473531544,78.85723260029292,113.91920527495908,84,792077385
157,0.9963741841914431,0.9985496736765772,78.92219630211024,114.02033637460575,84,1903304211
158,0.9949238578680203,0.9992748368382887,78.98775011909935,114.000930647682,84,1815675372
159,0.9992748368382887,0.9992748368382887,79.03278671890641,114.09548273833654,84,1849416773
160,0.9978245105148659,1.0,79.01175170338797,113.72457750059446,85,473462436
161,0.9985496736765772,0.6874546773023931,78.98546717381953,113.26646516198548,86,174035964
162,0.9970993473531544,0.9992748368382887,78.84013314655598,114.17934510046332,83,368077754
163,0.9992748368382887,0.9992748368382887,78.75453247019519,113.89453723260841,84,746031082
164,0.9985496736765772,1.0,78.66454063436619,113.86761258896064,84,880277587
165,0.9978245105148659,1.0,78.628396076067,113.84632931166972,84,939991143
166,0.9956490210297317,1.0,78.5726851116349,114.21113884659384,83,1821197114
167,0.994198694706309,1.0,78.5557017950211,113.60337416271362,85,441659747
168,0.6758520667150109,0.9978245105148659,78.55551445807343,113.6881196909317,84,2013025173
169,0.9927483683828862,0.9978245105148659,78.6584056586971,113.51648151919878,85,1396801245
170,0.9963741841914431,1.0,78.66734195182215,113.51296659193285,85,1511907783
171,0.9920232052211748,1.0,78.63291599200731,113.50658676337606,85,560645104
172,0.9920232052211748,0.9978245105148659,78.5905903523774,114.09218986366245,83,834209624
173,0.9934735315445975,1.0,78.61853786848926,113.66493494539155,84,1373300060
174,0.9833212472806382,1.0,78.5885837118548,114.03142035971972,83,331785978
175,0.9876722262509064,1.0,78.67732293300364,113.73179313657724,84,1625344262
176,0.9927483683828862,0.9992748368382887,78.60209388862653,114.10343699666882,83,2108647086
177,0.9963741841914431,0.6809282088469906,78.63843212205687,113.87073814934297,84,1657071043
178,0.9876722262509064,0.9985496736765772,78.67049678872408,113.87081178701857,84,2012221579
179,0.9963741841914431,1.0,78.61888175695655,113.95423393862627,84,1737434378
180,0.9970993473531544,1.0,78.48605435452964,114.33858558230251,82,760545341
181,0.6794778825235678,0.6809282088469906,78.44096362867882,113.23980960428014,85,1334723403
182,0.9927483683828862,1.0,78.36580330974213,113.57639992975413,84,800720142
183,0.9920232052211748,1.0,78.40204711602362,113.59429355072743,84,43791134
184,0.9949238578680203,0.9985496736765772,78.46221310206006,113.66992715269626,84,1607355531
185,0.9934735315445975,1.0,78.5752290919206,113.84910958543347,84,654781274
186,0.6424945612762871,0.9992748368382887,78.69995791631645,113.51202572298874,85,558423300
187,0.9898477157360406,0.9992748368382887,78.8564194271393,114.09954975990364,84,341064356
188,0.9949238578680203,0.9992748368382887,78.94668478917744,114.47556578455175,83,164731646
189,0.9949238578680203,1.0,78.96366594857628,114.26125553840656,84,663001207
190,0.9978245105148659,1.0,78.8885658415119,113.93099772069193,85,990209494
191,0.9992748368382887,1.0,78.81936292141476,114.36040942457738,84,101942958
192,1.0,1.0,78.68877711041735,113.66042201986326,86,26877060
193,0.9992748368382887,1.0,78.60256747957818,113.56455689120438,86,469577439
194,0.9956490210297317,0.9992748368382887,78.5596766984855,113.10579283873234,87,454825385
195,0.9970993473531544,1.0,78.54664883708567,113.7064891913686,85,2060843772
196,0.9927483683828862,1.0,78.46424187200692,113.58813496054577,85,756756442
197,0.981145757795504,0.9985496736765772,78.42109023245646,113.82287529470487,84,1196358754
198,0.9854967367657723,0.9985496736765772,78.35045135585636,113.0241353537686,86,409359782
199,0.6831036983321247,1.0,78.34190098377599,113.39426135200638,85,1181708481
200,0.9949238578680203,1.0,78.34784145557822,113.39500156119288,85,1527975225
201,0.6838288614938361,0.9992748368382887,78.29882813906839,113.62600825310885,84,548917431
202,0.994198694706309,0.9992748368382887,78.17795313284782,113.12162500648482,85,1466783102
203,0.6736765772298767,0.9992748368382887,78.14888798298487,112.95927595097916,86,1070284422
204,0.9920232052211748,1.0,78.1565254486006,113.02242794151294,86,2124753960
205,0.9963741841914431,1.0,78.15471723040179,113.25635527034407,85,2079397906
206,0.9978245105148659,0.9963741841914431,78.18764914531106,112.92981882890079,86,1689500007
207,0.990572878897752,0.9978245105148659,78.23287184018069,113.25258051266142,85,1060796858
208,0.9934735315445975,1.0,78.20882612823215,113.29115608598036,85,1823397951
209,0.9934735315445975,0.9992748368382887,78.23358684007513,113.37791974914168,85,2083193480
210,0.9920232052211748,0.9992748368382887,78.23499357591722,112.63454373268976,87,1925794725
211,0.6860043509789703,0.9992748368382887,78.27976340319796,112.56562270209744,87,961194340
212,0.9970993473531544,0.9992748368382887,78.25322759166097,113.21190004662922,85,1870504390
213,0.9956490210297317,0.9985496736765772,78.33074216644192,113.29355062762026,85,1547539666
214,0.9949238578680203,0.9992748368382887,78.43373896735517,113.10020841718173,86,275054949
215,0.994198694706309,0.9992748368382887,78.5542937654106,113.09518167616815,86,1981117577
216,0.9891225525743292,1.0,78.65584526754712,113.33486291536347,86,1664894527
217,0.9912980420594634,0.9992748368382887,78.79817129543602,114.06362211810163,84,101217976
218,0.9898477157360406,0.9992748368382887,78.86700389195147,113.76767017352584,85,1848841180
219,0.9949238578680203,1.0,78.97290953212864,113.97201216546542,85,1943550932
220,0.9992748368382887,0.9992748368382887,78.9147809060301,114.19291241510365,84,11343618
221,0.994198694706309,1.0,78.79034438790895,113.59265083727082,85,539469674
222,0.9978245105148659,0.9992748368382887,78.67401385054048,113.28324331891986,86,156339830
223,0.994198694706309,1.0,78.69130340834751,113.77197517307285,84,162872398
224,0.9963741841914431,1.0,78.6916262751155,113.69059814257913,84,1213836033
225,0.9978245105148659,1.0,78.70002108312158,113.82436684557086,84,1801441027
226,0.9956490210297317,0.9985496736765772,78.71909526528087,113.14458988207699,86,298182525
227,0.9934735315445975,0.9992748368382887,78.67459960951598,112.92897180409761,87,206952614
228,0.9934735315445975,0.9985496736765772,78.6775106592186,113.82687715451289,84,711467676
229,0.9934735315445975,1.0,78.73658666203028,114.01451983375145,84,1504636896
230,0.994198694706309,1.0,78.70982772971722,113.72701705149764,85,954730939
231,0.990572878897752,0.9985496736765772,78.66414498593726,113.3243161434861,86,837091698
232,0.9949238578680203,1.0,78.6582627992095,112.998046527378,87,1391957281
233,0.9891225525743292,0.6758520667150109,78.7000141013761,114.31343080670908,83,594220480
234,0.9883973894126178,1.0,78.7799088264471,113.67135582854297,85,290774275
235,0.9934735315445975,0.9992748368382887,78.80367380381365,114.06923703326399,84,129373015
236,0.9869470630891951,1.0,78.75153268389262,114.24836228783484,83,255182126
237,0.9912980420594634,0.9992748368382887,78.7974196713584,113.49609457535894,85,1565483830
238,0.9898477157360406,0.9956490210297317,78.82574345751583,114.32406223243812,83,577033614
239,0.9898477157360406,0.6751269035532995,78.83613332487646,113.63197961482062,85,504134100
240,0.9912980420594634,0.9992748368382887,78.87170561214562,113.92715156859319,84,332867427
241,0.9970993473531544,0.9985496736765772,78.83176348089468,114.17202476258926,83,1886211328
242,0.6758520667150109,1.0,78.84118701489312,113.58835551658073,85,865035570
243,0.9970993473531544,0.6809282088469906,78.93818104560222,113.61454396925484,85,1561567036
244,0.9970993473531544,1.0,78.84234503364532,114.05397792726002,84,800572217
245,0.9949238578680203,1.0,78.80040299908964,114.11240635568313,84,216330261
246,0.9927483683828862,1.0,78.80920064491382,113.99747935129493,84,1828086855
247,0.9927483683828862,1.0,78.77117329095384,114.04163404797856,84,778915531
248,0.9956490210297317,1.0,78.82714304432277,114.06294573412228,84,1664692816
249,0.9956490210297317,1.0,78.85670852820294,114.19449541538303,84,236261481
250,0.9949238578680203,1.0,78.85198799697523,114.12941373392091,84,1908419702
251,0.6722262509064539,1.0,78.9579807593435,113.81612362425089,85,1098315973
252,0.9963741841914431,1.0,79.02087045533086,113.99115370300767,85,326442245
253,0.6809282088469906,1.0,79.05271298476828,114.02839191636797,85,1064728191
254,0.9963741841914431,0.9992748368382887,79.0646807662058,114.41826619386295,84,2118480552
255,0.9985496736765772,1.0,79.0510177316913,113.95499861967589,85,1256260050
256,0.9934735315445975,1.0,79.04913899792534,113.51653073680741,86,639551965
257,0.9927483683828862,1.0,79.11552726925262,113.53104878066523,86,674644378
258,0.9927483683828862,1.0,79.13430492306863,114.11057740719316,84,1795801081
259,0.9934735315445975,1.0,79.13616162532684,114.13308848862982,84,351919373
260,0.6758520667150109,0.6475707034082668,79.0520901035863,113.63417924055175,85,971383065
261,0.9963741841914431,0.9992748368382887,79.01912914315744,113.98454511412217,84,362259854
262,0.6852791878172588,1.0,79.03341305103403,114.26687490437077,83,23995309
263,0.9956490210297317,1.0,79.06120443128013,114.15212115004964,84,1424880229
264,0.9912980420594634,1.0,79.07014365866243,113.78709320798536,85,2069018640
265,0.9956490210297317,1.0,79.02774886335861,114.24353542137631,84,1466154091
266,0.9876722262509064,1.0,79.03439424961161,114.17791712223453,84,1735112453
267,0.9927483683828862,1.0,79.0979084373173,113.54467805829074,86,1238466670
268,0.9869470630891951,1.0,79.11961075840648,113.93689069972466,85,1243808425
269,0.9927483683828862,1.0,79.16090502813545,113.93458345748908,85,872745060
270,0.994198694706309,0.9970993473531544,79.16370760749575,113.79047661962967,85,2096970561
271,0.9949238578680203,0.9978245105148659,79.13211175299182,113.75235746606778,85,1927672510
272,0.9985496736765772,0.9978245105148659,79.13154854324712,114.36703858095002,83,282085140
273,0.9934735315445975,1.0,79.13352918761211,114.51333007984994,83,986031517
274,0.9956490210297317,0.9978245105148659,79.16883106913632,114.53493002516998,83,641879470
275,0.9978245105148659,1.0,79.17313807622669,114.45559318379769,83,804559248
276,0.994198694706309,0.9978245105148659,79.14015342016789,114.0820437457602,84,94101020
277,0.9956490210297317,0.9978245105148659,79.1680080555629,114.08006493453145,84,1127209874
278,0.9970993473531544,0.9992748368382887,79.14825490246241,113.39302800551879,86,905174233
279,0.9949238578680203,1.0,79.11814618988868,114.19900684907316,84,1153059795
280,0.9956490210297317,1.0,79.09652549351212,114.11804772921826,84,273920912
281,0.9949238578680203,1.0,79.05253060276145,114.04819414521856,84,1568363574
282,0.9985496736765772,1.0,79.03920305869768,114.39657106933255,83,1808361660
283,0.9970993473531544,1.0,78.99917376745057,113.8954644094872,85,1211265432
284,0.9949238578680203,1.0,78.9337669184878,113.74566383918997,85,854181337
285,0.9927483683828862,0.9985496736765772,78.93313770227459,114.16170643913865,84,273590698
286,0.9920232052211748,0.9992748368382887,78.97188744424815,114.22623908037096,84,1236910309
287,0.9876722262509064,0.9992748368382887,79.00433401817975,114.53244787265064,83,1239994020
288,0.9854967367657723,0.9985496736765772,79.02443803031075,114.56942397034774,83,389876997
289,0.9970993473531544,1.0,79.01886130754005,113.9093337394261,85,322608330
290,0.9934735315445975,1.0,79.0820880640906,113.86585466673827,85,2145087223
291,0.9912980420594634,1.0,79.08815913964874,113.94195028254592,85,137465668
292,0.9956490210297317,1.0,79.07558865150769,113.8919357444215,85,123210935
293,0.994198694706309,1.0,79.03413639410738,113.24032766364853,87,499553754
294,0.9956490210297317,1.0,79.03462602934898,113.89801266637025,85,1750857705
295,0.9985496736765772,1.0,79.04872483761694,113.77512695480746,86,1599944172
296,0.9978245105148659,1.0,79.09782049563141,114.36062920895158,84,665465331
297,0.994198694706309,1.0,79.07992088464893,114.53970525475624,83,1901945780
298,0.994198694706309,0.9992748368382887,79.10511806325991,114.4965848845189,83,2142645508
299,0.9970993473531544,1.0,79.10221127995331,114.20875941737401,84,242523672
300,0.994198694706309,1.0,79.14877492547879,113.85755092111198,85,732100171
301,0.9920232052211748,0.9985496736765772,79.16255041142645,113.51741615930638,86,1467241762
302,0.9970993473531544,0.9985496736765772,79.1425309548716,114.1194791851429,84,2084224523
303,0.9934735315445975,1.0,79.09998713821862,114.27581722032102,84,2064454251
304,0.994198694706309,0.9992748368382887,79.06444524746671,114.58176062781986,83,1987876732
305,0.9956490210297317,1.0,79.06398211193203,113.94069571632392,85,198812655
306,0.9956490210297317,1.0,79.04300304268182,113.88075572268615,85,1436257631
307,0.9963741841914431,0.9992748368382887,79.04621390430071,114.44544061111793,83,1363234985
308,0.9963741841914431,1.0,79.0004408250128,114.05204141855822,84,1053676082
309,0.9883973894126178,0.9978245105148659,79.04048128058638,114.11905378115424,84,1265991060
310,0.994198694706309,0.9978245105148659,79.04650985365848,113.75822409161056,85,194407411
311,0.9963741841914431,0.9978245105148659,79.09345497761484,113.5925906703736,86,905264165
312,0.9927483683828862,0.678027556200145,79.06632982904644,113.9389587003899,85,1255592245
313,0.9970993473531544,1.0,79.09413018689342,113.94441008066636,85,2105317083
314,0.9978245105148659,1.0,79.12932949475709,113.89580527391006,85,1942341463
315,0.9970993473531544,0.9970993473531544,79.126640124574,113.29722583947493,87,680185678
316,0.9985496736765772,1.0,79.06294259706456,113.20764641779252,87,137431277
317,0.9963741841914431,0.9992748368382887,79.01252872048478,113.61382539991664,86,1686891216
318,0.9949238578680203,1.0,78.97323239811041,114.14300418513226,84,1599930581
319,0.9970993473531544,1.0,78.97396353135458,113.63501108255124,86,1263149212
320,0.9934735315445975,1.0,78.92540534002282,114.21680694305174,84,1542180945
321,0.6736765772298767,1.0,78.80891888389623,113.9829649166517,85,600292023
322,0.9920232052211748,1.0,78.78789542922961,114.19473287694153,84,978698896
323,0.9883973894126178,1.0,78.76409103067782,113.76332505297988,85,637594350
324,0.994198694706309,1.0,78.79371978601935,113.73092867062392,85,304746731
325,0.9891225525743292,1.0,78.76411189655029,113.99506275148494,84,266332053
326,0.9898477157360406,1.0,78.74729954747346,114.45586532174978,83,2027954301
327,0.9920232052211748,1.0,78.73028294832505,114.3207667759545,83,1832072790
328,0.6802030456852792,0.6809282088469906,78.66965751351685,113.88362794651565,84,2016732143
329,0.6802030456852792,1.0,78.62277115780826,113.53188065093916,85,353591938
330,0.9963741841914431,1.0,78.56205585502245,113.96623094737218,84,369168480
331,0.9920232052211748,0.9978245105148659,78.47532973968696,113.93362899519438,84,2139021900
332,0.9963741841914431,1.0,78.41177127815807,114.1493359575863,83,568001829
333,0.9963741841914431,1.0,78.31172751358683,113.61724483531793,84,585865548
334,0.6802030456852792,1.0,78.2360653654202,113.27048862905568,85,785629261
335,0.9978245105148659,1.0,78.239745795854,113.0436255808589,86,1907714167
336,0.9963741841914431,1.0,78.16212756928246,113.17031747384678,85,135806130
337,0.6417693981145758,1.0,78.1341001620118,112.51486911314583,87,1162362495
338,0.9978245105148659,1.0,78.10003928511783,112.87986839435875,86,544156904
339,0.9963741841914431,1.0,78.06341350867696,112.57637843856011,87,140289254
340,0.9920232052211748,1.0,78.03975529738726,112.67932669886402,87,668912010
341,0.9927483683828862,1.0,78.03391226526769,113.31729620383389,85,532605765
342,0.9927483683828862,1.0,78.04531129923213,113.34218333178745,85,368631864
343,0.9970993473531544,1.0,78.09055004628723,113.37780115146131,85,535177119
344,0.9978245105148659,1.0,78.07164511662185,114.01571381311939,83,1651271084
345,0.9963741841914431,0.9992748368382887,78.09420483110434,113.79485525505224,84,273239408
346,0.9949238578680203,1.0,78.14691356076212,113.51942463916787,85,611652652
347,0.9963741841914431,0.9985496736765772,78.22731006386155,113.4613285647416,85,773215326
348,0.9949238578680203,1.0,78.31139486647302,113.81661291930381,84,2052660585
349,0.9963741841914431,0.9985496736765772,78.33470593489464,113.82043367267734,84,1466158593
350,0.9978245105148659,1.0,78.39366760325781,113.41390821858917,85,2032949197
351,0.678027556200145,1.0,78.44760323812723,113.49351576161727,85,1802844431
352,0.9934735315445975,1.0,78.4768250160672,113.70357710052575,84,387044910
353,0.9978245105148659,1.0,78.4607531402622,113.44193395466554,85,1843186920
354,0.9992748368382887,1.0,78.39801308069063,113.54282499062349,84,660082099
355,1.0,1.0,78.3219206949926,113.05986153096798,85,335476491
356,0.9992748368382887,0.9992748368382887,78.24912800329103,113.36805677214346,84,1690010277
357,0.9992748368382887,0.9985496736765772,78.21113062392675,113.80851945875858,83,180820215
358,0.9978245105148659,0.9992748368382887,78.18418530078127,113.33029218931355,84,479928352
