,accuracy_cauchy,accuracy_gauss,accuracy_laplace,accuracy_mixed,error_denoise_cauchy,error_denoise_gauss,error_denoise_laplace,error_denoise_mixed,error_noise_cauchy,error_noise_gauss,error_noise_laplace,error_noise_mixed,random_state,random_state_labels,value_count_cauchy,value_count_gauss,value_count_laplace,value_count_mixed,window_start_index
0,0.36693255982596085,0.34807831762146485,0.34300217548948514,0.31834662799129804,340.1910660520182,278.36338167942154,390.8746578704851,440.03334084547015,340.1910660520182,278.36338167942154,390.8746578704851,440.03334084547015,1885709471,1173222463,0,0,0,0,0
1,0.350253807106599,0.3328498912255257,0.3321247280638144,0.32414793328498914,341.6970057949313,277.77561639611764,391.4473900906204,440.23649009464907,341.6970057949313,277.77561639611764,391.4473900906204,440.23649009464907,1561234711,1173222463,0,0,0,0,96
2,0.3509789702683104,0.3546047860768673,0.34590282813633066,0.3263234227701233,339.63535704305497,277.5650276199647,391.62379712014456,437.9699178351908,339.63535704305497,277.5650276199647,391.62379712014456,437.9699178351908,398418263,1173222463,0,0,0,0,192
3,0.32414793328498914,0.3770848440899202,0.3343002175489485,0.34517766497461927,335.82224125925876,277.210099436023,390.6665959352545,434.692337670397,335.82224125925876,277.210099436023,390.6665959352545,434.692337670397,1160081537,1173222463,0,0,0,0,288
4,0.42929659173313994,0.33792603335750543,0.35170413343002177,0.36475707034082666,348.7644885645338,277.8062623394319,393.48873976366986,445.0276903209329,348.7644885645338,277.8062623394319,393.48873976366986,445.0276903209329,1977618667,1173222463,0,0,0,0,384
5,0.34807831762146485,0.34735315445975345,0.3495286439448876,0.35242929659173317,344.40497086541615,276.98348299440573,391.85903754974646,442.08253615347013,344.40497086541615,276.98348299440573,391.85903754974646,442.08253615347013,840791536,1173222463,0,0,0,0,480
6,0.38578680203045684,0.34590282813633066,0.34735315445975345,0.34082668600435095,342.40405474784086,277.65016818100355,393.29044334095323,441.02881872893687,342.40405474784086,277.65016818100355,393.29044334095323,441.02881872893687,2032734713,1173222463,0,0,0,0,576
7,0.3763596809282089,0.3386511965192168,0.3321247280638144,0.3727338651196519,342.58301708016444,276.4626082835838,390.7396955907418,440.3895471284775,342.58301708016444,276.4626082835838,390.7396955907418,440.3895471284775,621707635,1173222463,0,0,0,0,672
8,0.36693255982596085,0.33720087019579403,0.3727338651196519,0.3640319071791153,342.6506662281677,276.39091881353943,392.4856187893701,440.800507449525,342.6506662281677,276.39091881353943,392.4856187893701,440.800507449525,1877991823,1173222463,0,0,0,0,768
9,0.34082668600435095,0.36620739666424945,0.3393763596809282,0.3335750543872371,343.0390983657658,278.53063608588684,394.0874719676837,441.5876868405165,343.0390983657658,278.53063608588684,394.0874719676837,441.5876868405165,991470358,1173222463,0,0,0,0,864
10,0.38651196519216824,0.35242929659173317,0.3393763596809282,0.3401015228426396,341.1883123126452,277.57603656682244,392.1609782359117,440.45653303099,341.1883123126452,277.57603656682244,392.1609782359117,440.45653303099,248555690,1173222463,0,0,0,0,960
11,0.4031907179115301,0.4017403915881073,0.3828861493836113,0.36475707034082666,339.1901826211457,278.03131196498975,392.9611832686095,438.9769927712575,339.1901826211457,278.03131196498975,392.9611832686095,438.9769927712575,128339668,1173222463,0,0,0,0,1056
12,0.3756345177664975,0.3553299492385787,0.350253807106599,0.3531544597534445,346.09055558156797,279.46782353914307,394.7075547170039,445.15986831949033,346.09055558156797,279.46782353914307,394.7075547170039,445.15986831949033,416035576,1173222463,0,0,0,0,1152
13,0.36983321247280637,0.36113125453226974,0.32414793328498914,0.3567802755620014,343.75991089529526,276.81167671498645,393.7219251041571,440.5888140891185,343.75991089529526,276.81167671498645,393.7219251041571,440.5888140891185,354346867,1173222463,0,0,0,0,1248
14,0.4234952864394489,0.4010152284263959,0.3770848440899202,0.3343002175489485,346.91848806988304,277.6402857135162,392.2583547466386,444.6660036166656,346.91848806988304,277.6402857135162,392.2583547466386,444.6660036166656,733875043,1173222463,0,0,0,0,1344
15,0.359680928208847,0.34590282813633066,0.34155184916606235,0.3328498912255257,338.57798785867715,276.75426230886035,390.67891158205504,437.2670153669574,338.57798785867715,276.75426230886035,390.67891158205504,437.2670153669574,593910261,1173222463,0,0,0,0,1440
16,0.4220449601160261,0.37200870195794056,0.37200870195794056,0.359680928208847,344.8983001310231,276.91269078426365,394.1794814874949,442.5147994635739,344.8983001310231,276.91269078426365,394.1794814874949,442.5147994635739,1064702850,1173222463,0,0,0,0,1536
17,0.34155184916606235,0.32124728063814356,0.32704858593183467,0.3357505438723713,342.470378862815,278.2669671773474,393.19759353310315,440.79193622326966,342.470378862815,278.2669671773474,393.19759353310315,440.79193622326966,1213207565,1173222463,0,0,0,0,1632
18,0.3836113125453227,0.34372733865119653,0.32414793328498914,0.31689630166787525,337.30053865109466,277.88236576270305,389.8430176348858,436.49976725382527,337.30053865109466,277.88236576270305,389.8430176348858,436.49976725382527,1929237531,1173222463,0,0,0,0,1728
19,0.3364757070340827,0.3821609862218999,0.32414793328498914,0.3575054387237128,348.17913113829127,277.8847235589402,394.50600846543813,445.137272116498,348.17913113829127,277.8847235589402,394.50600846543813,445.137272116498,513827529,1173222463,0,0,0,0,1824
20,0.3567802755620014,0.33720087019579403,0.34082668600435095,0.3546047860768673,344.14078832915726,277.16033911881067,393.75335155688583,441.53731626278625,344.14078832915726,277.16033911881067,393.75335155688583,441.53731626278625,13869778,1173222463,0,0,0,0,1920
21,0.38506163886874545,0.36620739666424945,0.37055837563451777,0.3509789702683104,337.9883881507098,277.5848781706077,391.0743737182894,438.04105669374206,337.9883881507098,277.5848781706077,391.0743737182894,438.04105669374206,1120876916,1173222463,0,0,0,0,2016
22,0.3553299492385787,0.41334300217548947,0.36765772298767224,0.31689630166787525,344.0435932174753,277.92230927549247,394.684079169828,442.5975229139869,344.0435932174753,277.92230927549247,394.684079169828,442.5975229139869,488362406,1173222463,0,0,0,0,2112
23,0.34662799129804206,0.32849891225525746,0.3575054387237128,0.3299492385786802,339.2228334933824,278.12547613418064,393.0191658403692,438.6421226099688,339.2228334933824,278.12547613418064,393.0191658403692,438.6421226099688,1916987194,1173222463,0,0,0,0,2208
24,0.36113125453226974,0.3589557650471356,0.3538796229151559,0.32414793328498914,356.60741964415456,278.3845720311467,396.38223874385517,452.98286448922624,356.60741964415456,278.3845720311467,396.38223874385517,452.98286448922624,1704361031,1173222463,0,0,0,0,2304
25,0.38506163886874545,0.35242929659173317,0.32197244379985496,0.34155184916606235,343.1046280994029,278.0996154870157,395.65879588097096,440.7501015039519,343.1046280994029,278.0996154870157,395.65879588097096,440.7501015039519,310157771,1173222463,0,0,0,0,2400
26,0.36113125453226974,0.3567802755620014,0.3640319071791153,0.34735315445975345,339.83454437242597,277.6069600004974,391.41053914274835,438.61776141794553,339.83454437242597,277.6069600004974,391.41053914274835,438.61776141794553,889673951,1173222463,0,0,0,0,2496
27,0.35242929659173317,0.34155184916606235,0.3575054387237128,0.31834662799129804,347.13674955549044,276.4255975665001,391.7510586221758,443.885625780293,347.13674955549044,276.4255975665001,391.7510586221758,443.885625780293,718489173,1173222463,0,0,0,0,2592
28,0.36620739666424945,0.3836113125453227,0.3589557650471356,0.36620739666424945,341.6723022525514,276.58322266278543,390.45840279511145,440.5245175533046,341.6723022525514,276.58322266278543,390.45840279511145,440.5245175533046,179990059,1173222463,0,0,0,0,2688
29,0.36765772298767224,0.3981145757795504,0.34662799129804206,0.34300217548948514,338.2410529515943,276.6150888153168,388.8280234861857,437.20319321626755,338.2410529515943,276.6150888153168,388.8280234861857,437.20319321626755,1646064444,1173222463,0,0,0,0,2784
30,0.3546047860768673,0.350253807106599,0.3770848440899202,0.34662799129804206,336.3135950637174,277.57544500148543,389.6142338430085,435.46825186921325,336.3135950637174,277.57544500148543,389.6142338430085,435.46825186921325,842018965,1173222463,0,0,0,0,2880
31,0.3509789702683104,0.39086294416243655,0.3357505438723713,0.3488034807831762,342.9128106533351,275.6902375769782,392.290334946007,439.7904999616364,342.9128106533351,275.6902375769782,392.290334946007,439.7904999616364,1007974515,1173222463,0,0,0,0,2976
32,0.3988397389412618,0.35170413343002177,0.3553299492385787,0.3321247280638144,341.268191453964,276.0179675324685,390.67025944698554,438.9174393929722,341.268191453964,276.0179675324685,390.67025944698554,438.9174393929722,729223656,1173222463,0,0,0,0,3072
33,0.41551849166062366,0.3488034807831762,0.3205221174764322,0.34300217548948514,350.93149820467966,276.16973013322064,392.5522115379195,446.18524819473265,350.93149820467966,276.16973013322064,392.5522115379195,446.18524819473265,554513576,1173222463,0,0,0,0,3168
34,0.36548223350253806,0.36983321247280637,0.34517766497461927,0.359680928208847,345.3657831662249,275.196275188473,391.80065940416404,440.46725954770386,345.3657831662249,275.196275188473,391.80065940416404,440.46725954770386,47894182,1173222463,0,0,0,0,3264
35,0.36765772298767224,0.34807831762146485,0.3328498912255257,0.350253807106599,342.7969664580064,275.0421863329978,390.2188413257075,439.1058526527572,342.7969664580064,275.0421863329978,390.2188413257075,439.1058526527572,125157132,1173222463,0,0,0,0,3360
36,0.397389412617839,0.34590282813633066,0.36475707034082666,0.3350253807106599,335.99934692134906,274.834653757098,388.3846641097127,434.2326490350298,335.99934692134906,274.834653757098,388.3846641097127,434.2326490350298,1912201722,1173222463,0,0,0,0,3456
37,0.40971718636693255,0.35242929659173317,0.34372733865119653,0.3509789702683104,338.4789179777382,275.717983439624,388.1464755120678,436.93751511394237,338.4789179777382,275.717983439624,388.1464755120678,436.93751511394237,984877706,1173222463,0,0,0,0,3552
38,0.36620739666424945,0.36185641769398114,0.3575054387237128,0.3292240754169688,342.3121871223439,274.806889052489,388.94195452396343,438.6764885238464,342.3121871223439,274.806889052489,388.94195452396343,438.6764885238464,51259752,1173222463,0,0,0,0,3648
39,0.3944887599709935,0.34807831762146485,0.3401015228426396,0.37200870195794056,341.4331712701306,275.7426385886181,388.2035574448776,438.44424540191267,341.4331712701306,275.7426385886181,388.2035574448776,438.44424540191267,865478600,1173222463,0,0,0,0,3744
40,0.378535170413343,0.3306744017403916,0.34227701232777374,0.32414793328498914,339.5719665230427,273.9372998092877,387.56151896974393,436.07291582713583,339.5719665230427,273.9372998092877,387.56151896974393,436.07291582713583,1794910472,1173222463,0,0,0,0,3840
41,0.38143582306018853,0.36693255982596085,0.3364757070340827,0.34372733865119653,339.99801321806126,275.0034056109985,389.95915236361975,437.3793126513291,339.99801321806126,275.0034056109985,389.95915236361975,437.3793126513291,1966314794,1173222463,0,0,0,0,3936
42,0.36548223350253806,0.3357505438723713,0.35170413343002177,0.3560551124002901,335.0463965873464,274.08014208335203,389.75155114908347,432.81753816764376,335.0463965873464,274.08014208335203,389.75155114908347,432.81753816764376,986980081,1173222463,0,0,0,0,4032
43,0.3930384336475707,0.3756345177664975,0.350253807106599,0.36185641769398114,345.9974419919905,275.8747502862381,390.9629944542054,443.3760440527796,345.9974419919905,275.8747502862381,390.9629944542054,443.3760440527796,1914615394,1173222463,0,0,0,0,4128
44,0.3393763596809282,0.3328498912255257,0.34300217548948514,0.3495286439448876,340.88459461568914,275.3636933958683,388.7575290381836,437.56685259612726,340.88459461568914,275.3636933958683,388.7575290381836,437.56685259612726,86826398,1173222463,0,0,0,0,4224
45,0.3147208121827411,0.34372733865119653,0.3350253807106599,0.3335750543872371,342.20751054178726,276.15568885937404,388.53972698530885,440.88430731808313,342.20751054178726,276.15568885937404,388.53972698530885,440.88430731808313,4438093,1173222463,0,0,0,0,4320
46,0.4017403915881073,0.34662799129804206,0.36475707034082666,0.3364757070340827,338.3878223082935,274.2533431675895,388.01691615332453,436.13632822380896,338.3878223082935,274.2533431675895,388.01691615332453,436.13632822380896,1745883381,1173222463,0,0,0,0,4416
47,0.3393763596809282,0.3546047860768673,0.3553299492385787,0.3335750543872371,341.0203632167814,274.847431301532,389.05377682799707,438.6819141895526,341.0203632167814,274.847431301532,389.05377682799707,438.6819141895526,648368580,1173222463,0,0,0,0,4512
48,0.3966642494561276,0.32414793328498914,0.34807831762146485,0.35170413343002177,344.3535713850963,275.5126432429335,389.85355281126334,441.27555821150264,344.3535713850963,275.5126432429335,389.85355281126334,441.27555821150264,1667206774,1173222463,0,0,0,0,4608
49,0.36838288614938364,0.34662799129804206,0.3343002175489485,0.3633067440174039,338.4625736334555,274.37201665130056,389.19533282241736,435.6587337690402,338.4625736334555,274.37201665130056,389.19533282241736,435.6587337690402,978430516,1173222463,0,0,0,0,4704
50,0.34082668600435095,0.3546047860768673,0.36548223350253806,0.36548223350253806,338.55617287187556,276.2346424077562,387.65549340100665,437.81713190020884,338.55617287187556,276.2346424077562,387.65549340100665,437.81713190020884,1540022417,1173222463,0,0,0,0,4800
51,0.32849891225525746,0.34662799129804206,0.3488034807831762,0.3335750543872371,335.46556298059966,275.46648671249307,388.06620646055,433.1170267814301,335.46556298059966,275.46648671249307,388.06620646055,433.1170267814301,1286392163,1173222463,0,0,0,0,4896
52,0.3981145757795504,0.3633067440174039,0.34300217548948514,0.34807831762146485,340.24777153427993,275.5627337480334,387.7132821540078,437.84843779663845,340.24777153427993,275.5627337480334,387.7132821540078,437.84843779663845,140482324,1173222463,0,0,0,0,4992
53,0.3763596809282089,0.34445250181290793,0.34590282813633066,0.3343002175489485,342.9211202943522,274.30238238488306,388.3031028380211,439.14102431770607,342.9211202943522,274.30238238488306,388.3031028380211,439.14102431770607,1546828459,1173222463,0,0,0,0,5088
54,0.39231327048585934,0.3799854967367658,0.331399564902103,0.41116751269035534,344.6522116678593,274.7793015329409,388.90164884125824,441.45442075655296,344.6522116678593,274.7793015329409,388.90164884125824,441.45442075655296,1350316540,1173222463,0,0,0,0,5184
55,0.3633067440174039,0.36258158085569253,0.3509789702683104,0.34662799129804206,330.67045274074013,276.53845708736674,386.96158740936164,431.75418927313115,330.67045274074013,276.53845708736674,386.96158740936164,431.75418927313115,2063469972,1173222463,0,0,0,0,5280
56,0.36838288614938364,0.359680928208847,0.3531544597534445,0.3488034807831762,338.70875564746444,274.96964504023333,389.05406682497176,435.72927610276486,338.70875564746444,274.96964504023333,389.05406682497176,435.72927610276486,2117804669,1173222463,0,0,0,0,5376
57,0.34445250181290793,0.369108049311095,0.3553299492385787,0.34662799129804206,339.3647650472777,276.0493122571792,389.1801454623861,438.11052066275846,339.3647650472777,276.0493122571792,389.1801454623861,438.11052066275846,1736278420,1173222463,0,0,0,0,5472
58,0.41406816533720087,0.3509789702683104,0.32414793328498914,0.3575054387237128,350.21373053096914,276.2919780889442,391.2799907894917,445.92791357495236,350.21373053096914,276.2919780889442,391.2799907894917,445.92791357495236,1656384100,1173222463,0,0,0,0,5568
59,0.39086294416243655,0.3546047860768673,0.3567802755620014,0.32414793328498914,342.44842561349134,277.9113208477882,392.2207185361169,441.1142228481771,342.44842561349134,277.9113208477882,392.2207185361169,441.1142228481771,755951331,1173222463,0,0,0,0,5664
60,0.3589557650471356,0.3357505438723713,0.36620739666424945,0.34445250181290793,342.70536469288646,278.24285215556,391.8920474424579,441.2373751761585,342.70536469288646,278.24285215556,391.8920474424579,441.2373751761585,459733937,1173222463,0,0,0,0,5760
61,0.3531544597534445,0.34590282813633066,0.36983321247280637,0.3531544597534445,348.5993910472826,275.43158082719845,390.27309450029026,444.8578083009145,348.5993910472826,275.43158082719845,390.27309450029026,444.8578083009145,975165669,1173222463,0,0,0,0,5856
62,0.3828861493836113,0.36185641769398114,0.34227701232777374,0.32414793328498914,341.69191227401393,277.2175905869096,391.9071543129045,440.4447523773554,341.69191227401393,277.2175905869096,391.9071543129045,440.4447523773554,184412080,1173222463,0,0,0,0,5952
63,0.3538796229151559,0.3567802755620014,0.35242929659173317,0.3357505438723713,343.07581725445556,276.10509719423897,391.39495107476574,440.0191071924665,343.07581725445556,276.10509719423897,391.39495107476574,440.0191071924665,153586965,1173222463,0,0,0,0,6048
64,0.40899202320522116,0.39086294416243655,0.3937635968092821,0.36765772298767224,342.3871317910176,277.11665262041413,391.86959753699017,442.1161867353623,342.3871317910176,277.11665262041413,391.86959753699017,442.1161867353623,2090857507,1173222463,0,0,0,0,6144
65,0.3770848440899202,0.3799854967367658,0.3263234227701233,0.3538796229151559,344.58583403538074,276.32220279793665,392.7929455274735,441.14791633968173,344.58583403538074,276.32220279793665,392.7929455274735,441.14791633968173,777559766,1173222463,0,0,0,0,6240
66,0.359680928208847,0.34590282813633066,0.3509789702683104,0.3328498912255257,341.6113407358197,276.63970432972997,391.497777732096,440.0086137641969,341.6113407358197,276.63970432972997,391.497777732096,440.0086137641969,1590192977,1173222463,0,0,0,0,6336
67,0.3944887599709935,0.3357505438723713,0.3509789702683104,0.34662799129804206,344.3268774643912,277.02530320102676,394.0460410070004,442.5532745083245,344.3268774643912,277.02530320102676,394.0460410070004,442.5532745083245,1082026729,1173222463,0,0,0,0,6432
68,0.359680928208847,0.34155184916606235,0.3350253807106599,0.36258158085569253,336.35321235664344,276.04296267187067,391.6338151257357,435.3991230144928,336.35321235664344,276.04296267187067,391.6338151257357,435.3991230144928,2101886863,1173222463,0,0,0,0,6528
69,0.397389412617839,0.3727338651196519,0.36113125453226974,0.32414793328498914,345.2247615813376,277.22567088698247,392.27477394598793,442.368610604651,345.2247615813376,277.22567088698247,392.27477394598793,442.368610604651,1245293116,1173222463,0,0,0,0,6624
70,0.34227701232777374,0.34227701232777374,0.38143582306018853,0.36548223350253806,347.14670929390775,276.9064218169507,392.98449536239093,444.4249284201725,347.14670929390775,276.9064218169507,392.98449536239093,444.4249284201725,1688290354,1173222463,0,0,0,0,6720
71,0.3393763596809282,0.3828861493836113,0.3640319071791153,0.32849891225525746,345.078437856234,275.9295320414054,392.55206389476325,442.75327222194824,345.078437856234,275.9295320414054,392.55206389476325,442.75327222194824,1670907676,1173222463,0,0,0,0,6816
72,0.32197244379985496,0.32704858593183467,0.34300217548948514,0.34082668600435095,350.0808038388861,278.34785639818693,395.15677321220016,446.9141483635469,350.0808038388861,278.34785639818693,395.15677321220016,446.9141483635469,286810948,1173222463,0,0,0,0,6912
73,0.3553299492385787,0.3756345177664975,0.3488034807831762,0.34300217548948514,340.1480799812217,278.7142126882898,393.173373229881,440.49348236202667,340.1480799812217,278.7142126882898,393.173373229881,440.49348236202667,1524436703,1173222463,0,0,0,0,7008
74,0.39231327048585934,0.3770848440899202,0.3350253807106599,0.3567802755620014,340.2074960521449,278.4623894998484,394.583764741802,438.0099788494365,340.2074960521449,278.4623894998484,394.583764741802,438.0099788494365,256388523,1173222463,0,0,0,0,7104
75,0.38868745467730237,0.34590282813633066,0.3582306018854242,0.32124728063814356,340.1809777193574,278.7787975928286,394.74031892136736,440.3915998949591,340.1809777193574,278.7787975928286,394.74031892136736,440.3915998949591,632857886,1173222463,0,0,0,0,7200
76,0.4031907179115301,0.34807831762146485,0.3386511965192168,0.3604060913705584,342.1799908336885,279.0913674451407,394.3048600272676,442.55222043821226,342.1799908336885,279.0913674451407,394.3048600272676,442.55222043821226,476544465,1173222463,0,0,0,0,7296
77,0.36838288614938364,0.3734590282813633,0.34590282813633066,0.37055837563451777,336.1991848959347,280.39717310690185,393.02524677778064,437.2617583167381,336.1991848959347,280.39717310690185,393.02524677778064,437.2617583167381,899331785,1173222463,0,0,0,0,7392
78,0.4010152284263959,0.34517766497461927,0.32414793328498914,0.35170413343002177,344.0203912377385,278.5895463826384,396.36634385774823,443.26043628588286,344.0203912377385,278.5895463826384,396.36634385774823,443.26043628588286,1344112274,1173222463,0,0,0,0,7488
79,0.3343002175489485,0.3495286439448876,0.33792603335750543,0.36838288614938364,336.7515026541397,279.6692281113861,394.90263874054375,436.5048463679452,336.7515026541397,279.6692281113861,394.90263874054375,436.5048463679452,2120252249,1173222463,0,0,0,0,7584
80,0.32704858593183467,0.3741841914430747,0.350253807106599,0.3205221174764322,335.75652247565745,279.7396169576875,392.1332062223768,437.47131804635717,335.75652247565745,279.7396169576875,392.1332062223768,437.47131804635717,1504641581,1173222463,0,0,0,0,7680
81,0.35170413343002177,0.36765772298767224,0.3567802755620014,0.34227701232777374,348.9752872881709,278.03452540411035,397.26987135265415,446.77126522476055,348.9752872881709,278.03452540411035,397.26987135265415,446.77126522476055,61311446,1173222463,0,0,0,0,7776
82,0.3604060913705584,0.34735315445975345,0.37128353879622916,0.34590282813633066,340.07822147014423,276.48352727462424,391.3943724914812,438.6384225005635,340.07822147014423,276.48352727462424,391.3943724914812,438.6384225005635,1652813683,1173222463,0,0,0,0,7872
83,0.3299492385786802,0.3763596809282089,0.34082668600435095,0.3357505438723713,337.8839018571773,278.19854434675614,390.6011996298584,438.0765605032296,337.8839018571773,278.19854434675614,390.6011996298584,438.0765605032296,858557497,1173222463,0,0,0,0,7968
84,0.3843364757070341,0.38143582306018853,0.34807831762146485,0.36258158085569253,346.76455548590627,276.39528298642335,392.20566455615983,443.44560009464175,346.76455548590627,276.39528298642335,392.20566455615983,443.44560009464175,870186830,1173222463,0,0,0,0,8064
85,0.3763596809282089,0.3546047860768673,0.3589557650471356,0.3749093546047861,341.9789193252269,276.706678759874,391.7215637843674,440.61054470090454,341.9789193252269,276.706678759874,391.7215637843674,440.61054470090454,695565020,1173222463,0,0,0,0,8160
86,0.41044234952864395,0.36548223350253806,0.3560551124002901,0.37200870195794056,341.8250284980471,276.11947682917855,391.9730968358039,440.8215184547577,341.8250284980471,276.11947682917855,391.9730968358039,440.8215184547577,753793849,1173222463,0,0,0,0,8256
87,0.3741841914430747,0.34735315445975345,0.3604060913705584,0.3749093546047861,338.5161880870776,277.6784216310038,391.9354798963221,438.02745640924053,338.5161880870776,277.6784216310038,391.9354798963221,438.02745640924053,1316701162,1173222463,0,0,0,0,8352
88,0.36765772298767224,0.3749093546047861,0.32414793328498914,0.37128353879622916,342.33512606768426,279.5778485222992,394.5558716009476,442.0791422024575,342.33512606768426,279.5778485222992,394.5558716009476,442.0791422024575,1935338831,1173222463,0,0,0,0,8448
89,0.38723712835387963,0.36548223350253806,0.3335750543872371,0.350253807106599,347.79417701149754,279.5700114664288,395.55735003199993,446.74726739875723,347.79417701149754,279.5700114664288,395.55735003199993,446.74726739875723,986520637,1173222463,0,0,0,0,8544
90,0.3937635968092821,0.3328498912255257,0.359680928208847,0.3546047860768673,352.18448121247036,279.311424238616,396.347395418803,450.04126397398676,352.18448121247036,279.311424238616,396.347395418803,450.04126397398676,197867473,1173222463,0,0,0,0,8640
91,0.3589557650471356,0.3248730964467005,0.34445250181290793,0.3299492385786802,342.2602187235014,278.96324442130935,394.1581357752589,440.740620827164,342.2602187235014,278.96324442130935,394.1581357752589,440.740620827164,1769640377,1173222463,0,0,0,0,8736
92,0.37200870195794056,0.3306744017403916,0.34300217548948514,0.32777374909354606,345.0309793459025,279.4592794144795,397.3173278056525,443.6640521141507,345.0309793459025,279.4592794144795,397.3173278056525,443.6640521141507,440668753,1173222463,0,0,0,0,8832
93,0.3792603335750544,0.3263234227701233,0.3553299492385787,0.3560551124002901,338.71675102396034,279.0166928088549,397.3120901146989,438.8058655867046,338.71675102396034,279.0166928088549,397.3120901146989,438.8058655867046,1394847541,1173222463,0,0,0,0,8928
94,0.378535170413343,0.3386511965192168,0.3546047860768673,0.3633067440174039,350.18694448728377,279.0419793300031,396.67184626494566,447.3884388388612,350.18694448728377,279.0419793300031,396.67184626494566,447.3884388388612,696384454,1173222463,0,0,0,0,9024
95,0.34662799129804206,0.3567802755620014,0.34590282813633066,0.3582306018854242,334.6504303297077,279.06812848035713,394.1948642979105,435.8616185115122,334.6504303297077,279.06812848035713,394.1948642979105,435.8616185115122,46653467,1173222463,0,0,0,0,9120
96,0.34445250181290793,0.36693255982596085,0.33720087019579403,0.36548223350253806,342.8541832858099,277.59549942534215,394.4549681799642,441.2963823189115,342.8541832858099,277.59549942534215,394.4549681799642,441.2963823189115,1734212074,1173222463,0,0,0,0,9216
97,0.3981145757795504,0.350253807106599,0.3560551124002901,0.350253807106599,342.9711278501437,278.41869986261247,393.0434677728838,441.5470726924835,342.9711278501437,278.41869986261247,393.0434677728838,441.5470726924835,489621931,1173222463,0,0,0,0,9312
98,0.40464104423495284,0.39158810732414795,0.34517766497461927,0.3299492385786802,341.00901339053667,279.12980219332115,391.47611660737994,439.30673251826886,341.00901339053667,279.12980219332115,391.47611660737994,439.30673251826886,994490177,1173222463,0,0,0,0,9408
99,0.40609137055837563,0.3357505438723713,0.3299492385786802,0.3495286439448876,342.3410496976641,278.9884180237249,393.2355928017141,442.28399583724513,342.3410496976641,278.9884180237249,393.2355928017141,442.28399583724513,1182251626,1173222463,0,0,0,0,9504
100,0.32704858593183467,0.3575054387237128,0.3546047860768673,0.3604060913705584,339.43328019509687,278.56215565606595,394.6736034943826,439.04214139026647,339.43328019509687,278.56215565606595,394.6736034943826,439.04214139026647,1834054771,1173222463,0,0,0,0,9600
101,0.37055837563451777,0.31689630166787525,0.3495286439448876,0.3495286439448876,338.4363029368443,278.8835742766644,395.3030913187534,439.2654176002529,338.4363029368443,278.8835742766644,395.3030913187534,439.2654176002529,478213717,1173222463,0,0,0,0,9696
102,0.3553299492385787,0.3306744017403916,0.36765772298767224,0.350253807106599,344.0963729467367,281.1678007359983,398.4058360159437,444.37795521209136,344.0963729467367,281.1678007359983,398.4058360159437,444.37795521209136,1967912781,1173222463,0,0,0,0,9792
103,0.34155184916606235,0.33792603335750543,0.34590282813633066,0.3604060913705584,335.61501241881,281.2396454727892,397.03345975200955,439.05189124197733,335.61501241881,281.2396454727892,397.03345975200955,439.05189124197733,1584205688,1173222463,0,0,0,0,9888
104,0.3778100072516316,0.36983321247280637,0.3495286439448876,0.3067440174039159,354.17638946172,280.43713214363896,398.75004912357343,451.8954443571265,354.17638946172,280.43713214363896,398.75004912357343,451.8954443571265,605274726,1173222463,0,0,0,0,9984
105,0.32197244379985496,0.34735315445975345,0.3553299492385787,0.3567802755620014,338.6356923401968,279.6124282032149,395.4509761198393,439.1337937331121,338.6356923401968,279.6124282032149,395.4509761198393,439.1337937331121,2054776138,1173222463,0,0,0,0,10080
106,0.3799854967367658,0.35242929659173317,0.34372733865119653,0.36113125453226974,344.91549141233077,279.0473889335923,397.4075350855727,443.8354261095135,344.91549141233077,279.0473889335923,397.4075350855727,443.8354261095135,670005991,1173222463,0,0,0,0,10176
107,0.36693255982596085,0.34155184916606235,0.3488034807831762,0.3509789702683104,338.35651909172014,280.5917025578824,395.27186988581474,440.6604150791622,338.35651909172014,280.5917025578824,395.27186988581474,440.6604150791622,1373195492,1173222463,0,0,0,0,10272
108,0.3778100072516316,0.36258158085569253,0.331399564902103,0.3538796229151559,340.9195457634866,279.7871818089986,396.4440389534164,440.99765555319595,340.9195457634866,279.7871818089986,396.4440389534164,440.99765555319595,252901241,1173222463,0,0,0,0,10368
109,0.36693255982596085,0.38796229151559103,0.3509789702683104,0.3488034807831762,334.0745476655387,279.07697241671315,395.50469018378215,434.1111665011855,334.0745476655387,279.07697241671315,395.50469018378215,434.1111665011855,2024318490,1173222463,0,0,0,0,10464
110,0.3821609862218999,0.3778100072516316,0.3560551124002901,0.34662799129804206,341.9514841078149,279.605702321155,395.0360294276004,440.81465318504104,341.9514841078149,279.605702321155,395.0360294276004,440.81465318504104,303716120,1173222463,0,0,0,0,10560
111,0.3509789702683104,0.34227701232777374,0.3640319071791153,0.3538796229151559,335.92391335611694,280.9916229172423,393.91585502990324,438.1310186922099,335.92391335611694,280.9916229172423,393.91585502990324,438.1310186922099,399901253,1173222463,0,0,0,0,10656
112,0.4278462654097172,0.3364757070340827,0.34735315445975345,0.33792603335750543,343.0244888443329,280.0431034022667,394.98812688568427,442.87197191553656,343.0244888443329,280.0431034022667,394.98812688568427,442.87197191553656,1751108504,1173222463,0,0,0,0,10752
113,0.36693255982596085,0.3335750543872371,0.36475707034082666,0.3553299492385787,348.7725447509415,280.2529032801437,396.70834190624976,446.8812358378734,348.7725447509415,280.2529032801437,396.70834190624976,446.8812358378734,970411432,1173222463,0,0,0,0,10848
114,0.41116751269035534,0.33720087019579403,0.369108049311095,0.3575054387237128,340.73597148903366,279.2202594177963,397.51275712528314,440.4684316670839,340.73597148903366,279.2202594177963,397.51275712528314,440.4684316670839,545481712,1173222463,0,0,0,0,10944
115,0.3995649021029732,0.3538796229151559,0.36113125453226974,0.3836113125453227,348.71357019541347,280.21966292675086,398.5953540388831,448.1497375847151,348.71357019541347,280.21966292675086,398.5953540388831,448.1497375847151,1469532724,1173222463,0,0,0,0,11040
116,0.3770848440899202,0.3538796229151559,0.34372733865119653,0.3263234227701233,347.39863973545954,280.8975080360525,399.3506762009326,446.3870154145128,347.39863973545954,280.8975080360525,399.3506762009326,446.3870154145128,178828087,1173222463,0,0,0,0,11136
117,0.32849891225525746,0.34590282813633066,0.34807831762146485,0.3357505438723713,343.3929888760544,281.4438314766096,396.3169231640249,442.9587449646419,343.3929888760544,281.4438314766096,396.3169231640249,442.9587449646419,1605838182,1173222463,0,0,0,0,11232
118,0.3589557650471356,0.36185641769398114,0.350253807106599,0.36765772298767224,332.88881252283375,280.1231894407259,394.088494348591,435.5394876891228,332.88881252283375,280.1231894407259,394.088494348591,435.5394876891228,1893502850,1173222463,0,0,0,0,11328
119,0.37128353879622916,0.36620739666424945,0.35170413343002177,0.359680928208847,340.4500526832562,280.4340778840454,398.37519154807035,441.123639742798,340.4500526832562,280.4340778840454,398.37519154807035,441.123639742798,2076059924,1173222463,0,0,0,0,11424
120,0.3836113125453227,0.38941261783901376,0.3364757070340827,0.3604060913705584,339.13796793988894,281.19096735939974,394.8792700270506,439.2729182655322,339.13796793988894,281.19096735939974,394.8792700270506,439.2729182655322,650200082,1173222463,0,0,0,0,11520
121,0.39086294416243655,0.36838288614938364,0.3343002175489485,0.36620739666424945,340.46167909729263,279.4688675313832,397.1880947172283,440.0208904558216,340.46167909729263,279.4688675313832,397.1880947172283,440.0208904558216,1515093268,1173222463,0,0,0,0,11616
122,0.4720812182741117,0.34807831762146485,0.34807831762146485,0.3575054387237128,331.03930333841436,279.98330951671176,395.9942595894323,434.43668887344774,331.03930333841436,279.98330951671176,395.9942595894323,434.43668887344774,1743023856,1173222463,0,0,0,0,11712
123,0.4031907179115301,0.31907179115300943,0.3263234227701233,0.34807831762146485,338.974163996031,279.606197782986,396.3409829668113,439.6233573952366,338.974163996031,279.606197782986,396.3409829668113,439.6233573952366,921227523,1173222463,0,0,0,0,11808
124,0.37200870195794056,0.3488034807831762,0.3575054387237128,0.34807831762146485,341.71882318965186,281.29208456941456,396.400056130834,442.3561749054778,341.71882318965186,281.29208456941456,396.400056130834,442.3561749054778,136315057,1173222463,0,0,0,0,11904
125,0.3727338651196519,0.3531544597534445,0.32414793328498914,0.38723712835387963,344.92931803634747,280.02741418603847,396.7898259083966,444.8778428618434,344.92931803634747,280.02741418603847,396.7898259083966,444.8778428618434,261364908,1173222463,0,0,0,0,12000
126,0.3792603335750544,0.36258158085569253,0.3792603335750544,0.34155184916606235,343.8768672676778,279.72208711440334,396.22865321078075,444.5129888193835,343.8768672676778,279.72208711440334,396.22865321078075,444.5129888193835,1456529400,1173222463,0,0,0,0,12096
127,0.3995649021029732,0.3538796229151559,0.3357505438723713,0.34082668600435095,346.42537602688566,280.39777601170414,398.46346406626554,445.09075333173075,346.42537602688566,280.39777601170414,398.46346406626554,445.09075333173075,324848477,1173222463,0,0,0,0,12192
128,0.3589557650471356,0.36113125453226974,0.34445250181290793,0.36983321247280637,338.19679290507696,280.00667174694956,395.85296201709446,437.46403841099385,338.19679290507696,280.00667174694956,395.85296201709446,437.46403841099385,167161260,1173222463,0,0,0,0,12288
129,0.4321972443799855,0.3299492385786802,0.34300217548948514,0.34227701232777374,329.7426446126625,278.82737825221136,393.46891105697205,431.18187509442197,329.7426446126625,278.82737825221136,393.46891105697205,431.18187509442197,608497153,1173222463,0,0,0,0,12384
130,0.37128353879622916,0.36258158085569253,0.3546047860768673,0.3292240754169688,349.7067813399569,280.8238218462666,394.7670565939065,448.59145620326825,349.7067813399569,280.8238218462666,394.7670565939065,448.59145620326825,955457614,1173222463,0,0,0,0,12480
131,0.34807831762146485,0.359680928208847,0.32777374909354606,0.3393763596809282,343.76232394637265,280.4189564751677,395.3581630708927,442.80665819114415,343.76232394637265,280.4189564751677,395.3581630708927,442.80665819114415,1693065816,1173222463,0,0,0,0,12576
132,0.38506163886874545,0.3633067440174039,0.35242929659173317,0.3321247280638144,339.68203462020523,279.64011904043406,395.9084109988285,439.3408706371203,339.68203462020523,279.64011904043406,395.9084109988285,439.3408706371203,813857255,1173222463,0,0,0,0,12672
133,0.37128353879622916,0.34155184916606235,0.34227701232777374,0.3509789702683104,335.29014040276235,279.5513748495187,393.5006164426305,436.54561421918106,335.29014040276235,279.5513748495187,393.5006164426305,436.54561421918106,1088317239,1173222463,0,0,0,0,12768
134,0.3582306018854242,0.359680928208847,0.36113125453226974,0.35170413343002177,338.2536608086859,279.62556763035735,394.1365094635357,438.8317073300413,338.2536608086859,279.62556763035735,394.1365094635357,438.8317073300413,548141979,1173222463,0,0,0,0,12864
135,0.3604060913705584,0.3509789702683104,0.33720087019579403,0.34300217548948514,339.8378472091319,279.97300135440196,397.02048568039174,440.75980486177036,339.8378472091319,279.97300135440196,397.02048568039174,440.75980486177036,1669952185,1173222463,0,0,0,0,12960
136,0.3770848440899202,0.36620739666424945,0.3364757070340827,0.3335750543872371,338.7274326030151,281.025609067743,395.63442807628456,440.0494470735437,338.7274326030151,281.025609067743,395.63442807628456,440.0494470735437,633097089,1173222463,0,0,0,0,13056
137,0.34517766497461927,0.34445250181290793,0.34807831762146485,0.35242929659173317,340.52917395833236,280.2957604088657,396.344015030699,440.3287372349648,340.52917395833236,280.2957604088657,396.344015030699,440.3287372349648,492431051,1173222463,0,0,0,0,13152
138,0.4213197969543147,0.3756345177664975,0.3321247280638144,0.3538796229151559,333.82664597748527,279.119179585327,390.2264533756165,435.3951516519605,333.82664597748527,279.119179585327,390.2264533756165,435.3951516519605,490496647,1173222463,0,0,0,0,13248
139,0.3930384336475707,0.3509789702683104,0.34155184916606235,0.3248730964467005,342.2583726361173,278.77568853496496,395.69063920575906,441.83544502278875,342.2583726361173,278.77568853496496,395.69063920575906,441.83544502278875,682497516,1173222463,0,0,0,0,13344
140,0.3560551124002901,0.3343002175489485,0.3582306018854242,0.37055837563451777,334.6507293323387,280.19250698650814,394.1651252513518,437.1374825840831,334.6507293323387,280.19250698650814,394.1651252513518,437.1374825840831,1529373992,1173222463,0,0,0,0,13440
141,0.3763596809282089,0.37200870195794056,0.33720087019579403,0.33792603335750543,344.27044530854744,278.598101456537,396.4025519528717,442.91261497938933,344.27044530854744,278.598101456537,396.4025519528717,442.91261497938933,260879066,1173222463,0,0,0,0,13536
142,0.3553299492385787,0.34300217548948514,0.3357505438723713,0.34807831762146485,336.8532647135433,280.4824872438197,395.6605232244511,437.9139253205853,336.8532647135433,280.4824872438197,395.6605232244511,437.9139253205853,295628666,1173222463,0,0,0,0,13632
143,0.350253807106599,0.3335750543872371,0.3589557650471356,0.3343002175489485,343.3085304002543,280.70058892096836,395.8890581134902,443.7143443224641,343.3085304002543,280.70058892096836,395.8890581134902,443.7143443224641,1729944985,1173222463,0,0,0,0,13728
144,0.3799854967367658,0.36548223350253806,0.36983321247280637,0.36258158085569253,341.0197467190931,280.1176242393233,395.77898835181173,441.5257965228951,341.0197467190931,280.1176242393233,395.77898835181173,441.5257965228951,1331799946,1173222463,0,0,0,0,13824
145,0.32849891225525746,0.3633067440174039,0.36185641769398114,0.3828861493836113,343.2915509577183,277.6700259719617,394.5961931364247,441.3955415134366,343.2915509577183,277.6700259719617,394.5961931364247,441.3955415134366,1400804684,1173222463,0,0,0,0,13920
146,0.36258158085569253,0.3582306018854242,0.331399564902103,0.3386511965192168,342.4918612284077,278.4105897463524,392.43482002111625,441.5377585812485,342.4918612284077,278.4105897463524,392.43482002111625,441.5377585812485,341853211,1173222463,0,0,0,0,14016
147,0.4017403915881073,0.3321247280638144,0.3734590282813633,0.3538796229151559,344.0794436128971,278.9758953084887,395.1299868072884,442.2795855558791,344.0794436128971,278.9758953084887,395.1299868072884,442.2795855558791,367300361,1173222463,0,0,0,0,14112
148,0.3981145757795504,0.3495286439448876,0.34662799129804206,0.32849891225525746,333.95120087356855,279.48852009938014,393.72159195004673,435.1229814264963,333.95120087356855,279.48852009938014,393.72159195004673,435.1229814264963,2075885244,1173222463,0,0,0,0,14208
149,0.38796229151559103,0.35242929659173317,0.3546047860768673,0.3741841914430747,349.5503275408657,279.20561370090076,396.60530935944877,447.3676771668851,349.5503275408657,279.20561370090076,396.60530935944877,447.3676771668851,696091960,1173222463,0,0,0,0,14304
150,0.32704858593183467,0.3836113125453227,0.36548223350253806,0.3792603335750544,343.03027009096536,279.65508737267436,394.7057989676649,443.6602785636461,343.03027009096536,279.65508737267436,394.7057989676649,443.6602785636461,1270888814,1173222463,0,0,0,0,14400
151,0.34445250181290793,0.369108049311095,0.3364757070340827,0.3567802755620014,345.6620932975932,280.3316293042152,396.3208759635968,445.1736486350708,345.6620932975932,280.3316293042152,396.3208759635968,445.1736486350708,421032850,1173222463,0,0,0,0,14496
152,0.3633067440174039,0.3263234227701233,0.3538796229151559,0.33792603335750543,337.4752251542128,279.851194398906,393.8858997286756,439.45956673982425,337.4752251542128,279.851194398906,393.8858997286756,439.45956673982425,1102659834,1173222463,0,0,0,0,14592
153,0.3828861493836113,0.3488034807831762,0.3560551124002901,0.3393763596809282,348.7878526866159,279.3332353709496,397.18211010642597,448.62116317616886,348.7878526866159,279.3332353709496,397.18211010642597,448.62116317616886,1340299472,1173222463,0,0,0,0,14688
154,0.37128353879622916,0.3843364757070341,0.3567802755620014,0.350253807106599,343.7633071044341,280.29725527872404,395.3718120175695,443.40227134552737,343.7633071044341,280.29725527872404,395.3718120175695,443.40227134552737,1350332822,1173222463,0,0,0,0,14784
155,0.36620739666424945,0.3321247280638144,0.33720087019579403,0.35242929659173317,335.1448074788676,279.13522906361203,392.40751275150404,435.7053768834769,335.1448074788676,279.13522906361203,392.40751275150404,435.7053768834769,677288004,1173222463,0,0,0,0,14880
156,0.36113125453226974,0.34517766497461927,0.3633067440174039,0.3575054387237128,339.5311836534771,278.11232996063745,392.5094233237734,438.32136056176967,339.5311836534771,278.11232996063745,392.5094233237734,438.32136056176967,881037353,1173222463,0,0,0,0,14976
157,0.3792603335750544,0.3843364757070341,0.36838288614938364,0.3401015228426396,342.34185415427714,278.6355539224975,395.6140977952463,440.6109173139557,342.34185415427714,278.6355539224975,395.6140977952463,440.6109173139557,1554392824,1173222463,0,0,0,0,15072
158,0.3633067440174039,0.3633067440174039,0.3582306018854242,0.34155184916606235,342.14733003840837,278.53191407399856,393.532145221432,441.7599561946584,342.14733003840837,278.53191407399856,393.532145221432,441.7599561946584,1597493956,1173222463,0,0,0,0,15168
159,0.3582306018854242,0.34517766497461927,0.36185641769398114,0.34372733865119653,333.8899001690169,279.12057136574424,392.9246009841585,435.6496210452259,333.8899001690169,279.12057136574424,392.9246009841585,435.6496210452259,987570153,1173222463,0,0,0,0,15264
160,0.3836113125453227,0.36693255982596085,0.3393763596809282,0.34227701232777374,340.4882701995809,278.991967625525,395.6239142102979,440.13915941802406,340.4882701995809,278.991967625525,395.6239142102979,440.13915941802406,1004551877,1173222463,0,0,0,0,15360
161,0.42857142857142855,0.36693255982596085,0.3321247280638144,0.3531544597534445,347.3164689389,280.8405214645095,395.94662429469724,447.448719945633,347.3164689389,280.8405214645095,395.94662429469724,447.448719945633,1142768464,1173222463,0,0,0,0,15456
162,0.3553299492385787,0.34372733865119653,0.3509789702683104,0.3589557650471356,342.9720527999133,281.2803673641848,395.22717146533887,444.4796004324301,342.9720527999133,281.2803673641848,395.22717146533887,444.4796004324301,1398314261,1173222463,0,0,0,0,15552
163,0.33720087019579403,0.331399564902103,0.3386511965192168,0.36475707034082666,345.7982263315272,280.06644044508494,398.1301133063918,444.60424824472676,345.7982263315272,280.06644044508494,398.1301133063918,444.60424824472676,344957036,1173222463,0,0,0,0,15648
164,0.4126178390137781,0.3488034807831762,0.3582306018854242,0.37128353879622916,342.91265852462277,280.4122653534801,395.6436074195276,442.74616114569614,342.91265852462277,280.4122653534801,395.6436074195276,442.74616114569614,303569692,1173222463,0,0,0,0,15744
165,0.3393763596809282,0.31834662799129804,0.34227701232777374,0.3343002175489485,351.1818169333533,280.46132004750865,400.24944843947424,449.68131499641066,351.1818169333533,280.46132004750865,400.24944843947424,449.68131499641066,1479415543,1173222463,0,0,0,0,15840
166,0.3727338651196519,0.34590282813633066,0.3589557650471356,0.36185641769398114,346.2077804980002,280.33074780951404,397.52739983585434,444.969164591088,346.2077804980002,280.33074780951404,397.52739983585434,444.969164591088,1606159299,1173222463,0,0,0,0,15936
167,0.36693255982596085,0.34227701232777374,0.3770848440899202,0.32414793328498914,344.97151136659096,278.56964169879717,394.4815099980766,443.97396216939325,344.97151136659096,278.56964169879717,394.4815099980766,443.97396216939325,1491110660,1173222463,0,0,0,0,16032
168,0.34372733865119653,0.3589557650471356,0.36693255982596085,0.35170413343002177,338.86075640172504,278.97954873884777,392.6397242395595,438.73043128094054,338.86075640172504,278.97954873884777,392.6397242395595,438.73043128094054,1090621370,1173222463,0,0,0,0,16128
169,0.36548223350253806,0.3321247280638144,0.3763596809282089,0.3386511965192168,342.90213280248395,277.8574196314078,392.8322783628914,440.911884141828,342.90213280248395,277.8574196314078,392.8322783628914,440.911884141828,1551753371,1173222463,0,0,0,0,16224
170,0.34590282813633066,0.37055837563451777,0.3981145757795504,0.36838288614938364,347.5206275355257,278.5965244154124,395.2432654904111,445.0430708671916,347.5206275355257,278.5965244154124,395.2432654904111,445.0430708671916,378476859,1173222463,0,0,0,0,16320
171,0.406816533720087,0.32777374909354606,0.3538796229151559,0.3749093546047861,341.73456506283674,278.4739954241219,394.1244212525251,441.0903941298418,341.73456506283674,278.4739954241219,394.1244212525251,441.0903941298418,1366773475,1173222463,0,0,0,0,16416
172,0.331399564902103,0.36113125453226974,0.3792603335750544,0.3749093546047861,339.1959638776581,277.94530294369014,395.07491547468027,438.98524611705363,339.1959638776581,277.94530294369014,395.07491547468027,438.98524611705363,853225568,1173222463,0,0,0,0,16512
173,0.37200870195794056,0.34590282813633066,0.3205221174764322,0.3538796229151559,341.23317017109156,279.1626597337484,395.36842680535995,440.0360403367747,341.23317017109156,279.1626597337484,395.36842680535995,440.0360403367747,1213835786,1173222463,0,0,0,0,16608
174,0.3604060913705584,0.3567802755620014,0.36185641769398114,0.3306744017403916,343.748846942675,279.2629143560251,396.010828785621,443.71985238352886,343.748846942675,279.2629143560251,396.010828785621,443.71985238352886,1194304569,1173222463,0,0,0,0,16704
175,0.38941261783901376,0.36693255982596085,0.32777374909354606,0.34807831762146485,339.78688740358825,279.2688186918308,394.2514951423164,439.93892603857114,339.78688740358825,279.2688186918308,394.2514951423164,439.93892603857114,1506514049,1173222463,0,0,0,0,16800
176,0.4423495286439449,0.34517766497461927,0.35170413343002177,0.34445250181290793,342.1987142924164,277.43547049970414,392.32266562506413,439.51727826181457,342.1987142924164,277.43547049970414,392.32266562506413,439.51727826181457,48325958,1173222463,0,0,0,0,16896
177,0.38506163886874545,0.3488034807831762,0.36548223350253806,0.3633067440174039,337.6145635229259,278.30310547819096,391.7277342917216,437.37091329369827,337.6145635229259,278.30310547819096,391.7277342917216,437.37091329369827,1484174460,1173222463,0,0,0,0,16992
178,0.37128353879622916,0.36838288614938364,0.3328498912255257,0.3321247280638144,335.6659520994059,277.6976924403027,392.17082492184403,434.5591851556151,335.6659520994059,277.6976924403027,392.17082492184403,434.5591851556151,1945339871,1173222463,0,0,0,0,17088
179,0.3821609862218999,0.3734590282813633,0.3335750543872371,0.3343002175489485,337.31133636737695,279.4057817045612,393.8711645728049,438.37093574581013,337.31133636737695,279.4057817045612,393.8711645728049,438.37093574581013,1055517893,1173222463,0,0,0,0,17184
180,0.36983321247280637,0.37128353879622916,0.3531544597534445,0.3357505438723713,336.52127004082587,279.18369565139017,393.8917632431643,437.698512950913,336.52127004082587,279.18369565139017,393.8917632431643,437.698512950913,1165931126,1173222463,0,0,0,0,17280
181,0.36693255982596085,0.350253807106599,0.36258158085569253,0.36693255982596085,340.79007455735785,278.7318509049157,396.11941230085046,440.1455454451141,340.79007455735785,278.7318509049157,396.11941230085046,440.1455454451141,608739541,1173222463,0,0,0,0,17376
182,0.3828861493836113,0.3306744017403916,0.3118201595358956,0.3531544597534445,348.0005178000383,278.73145485408156,395.2095472984661,446.32197806094257,348.0005178000383,278.73145485408156,395.2095472984661,446.32197806094257,642028244,1173222463,0,0,0,0,17472
183,0.38506163886874545,0.3770848440899202,0.34590282813633066,0.34372733865119653,341.34404524324077,278.612688149571,393.29230076148804,440.4587724961226,341.34404524324077,278.612688149571,393.29230076148804,440.4587724961226,1048955291,1173222463,0,0,0,0,17568
184,0.39086294416243655,0.3575054387237128,0.32414793328498914,0.34372733865119653,339.1795905656533,278.66268272539173,391.7667907706862,439.3537416031958,339.1795905656533,278.66268272539173,391.7667907706862,439.3537416031958,1384759846,1173222463,0,0,0,0,17664
185,0.3828861493836113,0.3799854967367658,0.3575054387237128,0.3749093546047861,334.32988122439235,275.78392367901,389.75366263196446,433.42438802078317,334.32988122439235,275.78392367901,389.75366263196446,433.42438802078317,574795284,1173222463,0,0,0,0,17760
186,0.36258158085569253,0.350253807106599,0.3364757070340827,0.36258158085569253,343.2484418719418,276.20459139048836,391.2081149716476,440.80613779261375,343.2484418719418,276.20459139048836,391.2081149716476,440.80613779261375,46957436,1173222463,0,0,0,0,17856
187,0.3567802755620014,0.34300217548948514,0.35170413343002177,0.33792603335750543,343.6317253174181,276.7371889847679,393.1525758555157,441.37616279260186,343.6317253174181,276.7371889847679,393.1525758555157,441.37616279260186,1394471145,1173222463,0,0,0,0,17952
188,0.4213197969543147,0.34445250181290793,0.3633067440174039,0.34227701232777374,347.8672935571387,278.2795827236169,395.4950905290638,445.25494304321666,347.8672935571387,278.2795827236169,395.4950905290638,445.25494304321666,373017912,1173222463,0,0,0,0,18048
189,0.36258158085569253,0.3604060913705584,0.31689630166787525,0.3546047860768673,351.84581933374153,278.69545914106726,397.6402946250401,449.32480519361894,351.84581933374153,278.69545914106726,397.6402946250401,449.32480519361894,1474538152,1173222463,0,0,0,0,18144
190,0.36185641769398114,0.3582306018854242,0.36258158085569253,0.32414793328498914,344.4505648716592,280.40905953632534,396.71986907792797,443.82141385923524,344.4505648716592,280.40905953632534,396.71986907792797,443.82141385923524,1293202107,1173222463,0,0,0,0,18240
191,0.3749093546047861,0.34372733865119653,0.3343002175489485,0.34300217548948514,351.39009728001486,279.74080002840657,400.42235078554717,448.1811721609725,351.39009728001486,279.74080002840657,400.42235078554717,448.1811721609725,1811858877,1173222463,0,0,0,0,18336
192,0.3937635968092821,0.34155184916606235,0.3321247280638144,0.35242929659173317,343.8354907192727,280.78089142243965,395.78823246846855,443.8414722523058,343.8354907192727,280.78089142243965,395.78823246846855,443.8414722523058,283588504,1173222463,0,0,0,0,18432
193,0.32414793328498914,0.36765772298767224,0.36548223350253806,0.3560551124002901,339.24368199493625,279.36905487396336,395.90341376320373,439.72319874299745,339.24368199493625,279.36905487396336,395.90341376320373,439.72319874299745,524305665,1173222463,0,0,0,0,18528
194,0.34227701232777374,0.32777374909354606,0.3350253807106599,0.3393763596809282,338.54895068102405,279.2910596918538,395.9456946243397,437.8598255681011,338.54895068102405,279.2910596918538,395.9456946243397,437.8598255681011,2083373197,1173222463,0,0,0,0,18624
195,0.41044234952864395,0.3640319071791153,0.3553299492385787,0.3531544597534445,343.09774705429794,279.01636441943424,394.03987068082876,443.6200245791349,343.09774705429794,279.01636441943424,394.03987068082876,443.6200245791349,47924788,1173222463,0,0,0,0,18720
196,0.41044234952864395,0.39013778100072516,0.3575054387237128,0.3546047860768673,340.1957186260676,279.3101841044782,394.09576687012037,438.5035744421409,340.1957186260676,279.3101841044782,394.09576687012037,438.5035744421409,1953470268,1173222463,0,0,0,0,18816
197,0.3560551124002901,0.34590282813633066,0.35242929659173317,0.32414793328498914,348.13118031694876,279.0119671125476,394.08074272490614,446.3700921102539,348.13118031694876,279.0119671125476,394.08074272490614,446.3700921102539,102169292,1173222463,0,0,0,0,18912
198,0.36548223350253806,0.3575054387237128,0.31834662799129804,0.35242929659173317,345.1994986496498,276.6787189951882,394.2503466652623,443.2131585507726,345.1994986496498,276.6787189951882,394.2503466652623,443.2131585507726,845582453,1173222463,0,0,0,0,19008
199,0.3828861493836113,0.36258158085569253,0.3509789702683104,0.3553299492385787,337.0325705812344,277.6639396555028,389.6386167842397,436.5228572226755,337.0325705812344,277.6639396555028,389.6386167842397,436.5228572226755,449336650,1173222463,0,0,0,0,19104
200,0.3604060913705584,0.36258158085569253,0.350253807106599,0.3553299492385787,345.7198893103671,277.55674999415817,391.9062069741677,443.23945493940795,345.7198893103671,277.55674999415817,391.9062069741677,443.23945493940795,297774710,1173222463,0,0,0,0,19200
201,0.3357505438723713,0.3321247280638144,0.3538796229151559,0.3531544597534445,338.2836102380584,278.9782319010245,394.6220575313126,438.918530102931,338.2836102380584,278.9782319010245,394.6220575313126,438.918530102931,2066604145,1173222463,0,0,0,0,19296
202,0.39086294416243655,0.34807831762146485,0.3604060913705584,0.35170413343002177,341.27923751113525,277.2127934389437,391.94254190692146,439.22618221139095,341.27923751113525,277.2127934389437,391.94254190692146,439.22618221139095,2034850370,1173222463,0,0,0,0,19392
203,0.34807831762146485,0.3633067440174039,0.36113125453226974,0.3531544597534445,338.6348243654419,275.99593464815075,390.73765247253266,437.42827412715934,338.6348243654419,275.99593464815075,390.73765247253266,437.42827412715934,1395479232,1173222463,0,0,0,0,19488
204,0.36983321247280637,0.39086294416243655,0.3110949963741842,0.3393763596809282,349.0830116737447,277.4312244899473,392.2424122769921,445.025924030199,349.0830116737447,277.4312244899473,392.2424122769921,445.025924030199,1091468787,1173222463,0,0,0,0,19584
205,0.35242929659173317,0.35242929659173317,0.3401015228426396,0.3553299492385787,339.8713651095666,278.314126975059,394.25214168413555,439.2500628315939,339.8713651095666,278.314126975059,394.25214168413555,439.2500628315939,766479421,1173222463,0,0,0,0,19680
206,0.35242929659173317,0.34590282813633066,0.3343002175489485,0.33792603335750543,338.57129215407093,277.7672219873751,393.7383239172589,437.6926479734209,338.57129215407093,277.7672219873751,393.7383239172589,437.6926479734209,1439047529,1173222463,0,0,0,0,19776
207,0.4452501812907904,0.3393763596809282,0.369108049311095,0.350253807106599,345.82803120408374,277.9398784431484,392.7065270841862,443.3887856798807,345.82803120408374,277.9398784431484,392.7065270841862,443.3887856798807,1215915916,1173222463,0,0,0,0,19872
208,0.3843364757070341,0.3538796229151559,0.3401015228426396,0.3393763596809282,338.131000161825,276.30932195276733,392.20053906258903,435.4765287490742,338.131000161825,276.30932195276733,392.20053906258903,435.4765287490742,1144249753,1173222463,0,0,0,0,19968
209,0.36475707034082666,0.34155184916606235,0.33792603335750543,0.36983321247280637,337.7567159305741,276.6985127019469,389.90260551691307,436.65745734520857,337.7567159305741,276.6985127019469,389.90260551691307,436.65745734520857,1064516503,1173222463,0,0,0,0,20064
210,0.3792603335750544,0.36838288614938364,0.33720087019579403,0.34662799129804206,333.90522058282505,277.12989776862577,390.18319085751097,433.03940785156124,333.90522058282505,277.12989776862577,390.18319085751097,433.03940785156124,593636115,1173222463,0,0,0,0,20160
211,0.3763596809282089,0.3567802755620014,0.3335750543872371,0.32704858593183467,342.2055623465743,276.9307250754408,391.6925422909294,439.69541964320524,342.2055623465743,276.9307250754408,391.6925422909294,439.69541964320524,825598395,1173222463,0,0,0,0,20256
212,0.3582306018854242,0.3988397389412618,0.3633067440174039,0.369108049311095,335.822754637776,277.6820616617504,392.80667075061336,436.6709254829288,335.822754637776,277.6820616617504,392.80667075061336,436.6709254829288,597856849,1173222463,0,0,0,0,20352
213,0.3538796229151559,0.36693255982596085,0.31689630166787525,0.33720087019579403,343.05022408672244,277.37510518142767,393.5829564439807,441.6635417590781,343.05022408672244,277.37510518142767,393.5829564439807,441.6635417590781,345954052,1173222463,0,0,0,0,20448
214,0.3640319071791153,0.3488034807831762,0.36765772298767224,0.34372733865119653,342.572554395605,277.4746794396797,392.83799531511943,441.8104413992022,342.572554395605,277.4746794396797,392.83799531511943,441.8104413992022,892621450,1173222463,0,0,0,0,20544
215,0.38796229151559103,0.34807831762146485,0.369108049311095,0.3531544597534445,345.61963357808577,276.4638098405394,392.1487220812917,443.0728145014856,345.61963357808577,276.4638098405394,392.1487220812917,443.0728145014856,1666190731,1173222463,0,0,0,0,20640
216,0.38506163886874545,0.34662799129804206,0.34300217548948514,0.33792603335750543,341.9816966023275,277.5067834937545,392.93337934911244,441.36960946484925,341.9816966023275,277.5067834937545,392.93337934911244,441.36960946484925,538721816,1173222463,0,0,0,0,20736
217,0.34300217548948514,0.3538796229151559,0.3792603335750544,0.3335750543872371,339.8853288968332,276.58796770899266,390.81185564805605,438.2247162178822,339.8853288968332,276.58796770899266,390.81185564805605,438.2247162178822,714925661,1173222463,0,0,0,0,20832
218,0.36258158085569253,0.34300217548948514,0.34300217548948514,0.3727338651196519,347.22956640261873,277.83192627132,392.9250644896138,444.663741366487,347.22956640261873,277.83192627132,392.9250644896138,444.663741366487,1094144441,1173222463,0,0,0,0,20928
219,0.34807831762146485,0.3546047860768673,0.36620739666424945,0.32777374909354606,339.77679900207517,280.3343214030996,394.8519965165896,440.86446855078964,339.77679900207517,280.3343214030996,394.8519965165896,440.86446855078964,535061250,1173222463,0,0,0,0,21024
220,0.3843364757070341,0.34807831762146485,0.3248730964467005,0.36258158085569253,330.1205876008659,280.56777410376344,393.66982496268406,431.9009569651209,330.1205876008659,280.56777410376344,393.66982496268406,431.9009569651209,611017509,1173222463,0,0,0,0,21120
221,0.34807831762146485,0.3633067440174039,0.3393763596809282,0.3292240754169688,343.4838171463529,279.0074040512589,396.94716710301486,443.4162952038183,343.4838171463529,279.0074040512589,396.94716710301486,443.4162952038183,1203413172,1173222463,0,0,0,0,21216
222,0.42857142857142855,0.36620739666424945,0.35170413343002177,0.37055837563451777,340.8778882191094,279.6283003248551,394.9016335069482,440.3193115928066,340.8778882191094,279.6283003248551,394.9016335069482,440.3193115928066,1139059303,1173222463,0,0,0,0,21312
223,0.44017403915881076,0.3778100072516316,0.34807831762146485,0.31834662799129804,333.56489185324466,279.39968143849035,393.16146241169173,435.22611335377303,333.56489185324466,279.39968143849035,393.16146241169173,435.22611335377303,1018356115,1173222463,0,0,0,0,21408
224,0.38071065989847713,0.32269760696156635,0.36475707034082666,0.34590282813633066,347.3936065626648,278.5833069623254,393.620548872673,445.83382290538697,347.3936065626648,278.5833069623254,393.620548872673,445.83382290538697,409378363,1173222463,0,0,0,0,21504
225,0.36548223350253806,0.38143582306018853,0.34662799129804206,0.3401015228426396,341.2254506485033,278.56576903998734,395.3711196691274,440.031234130886,341.2254506485033,278.56576903998734,395.3711196691274,440.031234130886,1993459871,1173222463,0,0,0,0,21600
226,0.38941261783901376,0.3531544597534445,0.3357505438723713,0.33720087019579403,343.2814097084929,279.30068518003367,393.8207247285179,443.7112033162561,343.2814097084929,279.30068518003367,393.8207247285179,443.7112033162561,490112119,1173222463,0,0,0,0,21696
227,0.4082668600435098,0.3357505438723713,0.3248730964467005,0.3147208121827411,348.2755220492995,278.2627146399416,395.2365994607286,445.1502848331552,348.2755220492995,278.2627146399416,395.2365994607286,445.1502848331552,2114496165,1173222463,0,0,0,0,21792
228,0.3386511965192168,0.3538796229151559,0.34517766497461927,0.3292240754169688,337.03778945746484,276.388221785314,390.8191966523042,435.8270596669516,337.03778945746484,276.388221785314,390.8191966523042,435.8270596669516,1533813586,1173222463,0,0,0,0,21888
229,0.42929659173313994,0.3560551124002901,0.3582306018854242,0.34807831762146485,344.3251498375129,278.48044385659114,395.54227600195907,442.34303994204856,344.3251498375129,278.48044385659114,395.54227600195907,442.34303994204856,839698735,1173222463,0,0,0,0,21984
230,0.3756345177664975,0.34082668600435095,0.36185641769398114,0.37128353879622916,338.2063879137015,280.1239825374289,394.7500299711875,438.9271215884224,338.2063879137015,280.1239825374289,394.7500299711875,438.9271215884224,1311682643,1173222463,0,0,0,0,22080
231,0.359680928208847,0.3248730964467005,0.3560551124002901,0.34590282813633066,336.98152766609144,278.8065255210219,395.5605134062823,437.55749729695464,336.98152766609144,278.8065255210219,395.5605134062823,437.55749729695464,1661378943,1173222463,0,0,0,0,22176
232,0.38143582306018853,0.3633067440174039,0.36620739666424945,0.3560551124002901,355.3884827661764,279.3159181004494,397.7207973075745,452.6251812765638,355.3884827661764,279.3159181004494,397.7207973075745,452.6251812765638,1865960703,1173222463,0,0,0,0,22272
233,0.34227701232777374,0.38071065989847713,0.34227701232777374,0.34517766497461927,342.6712453699232,279.27749789279835,394.89499649001675,441.56869318759414,342.6712453699232,279.27749789279835,394.89499649001675,441.56869318759414,1493384407,1173222463,0,0,0,0,22368
234,0.30819434372733867,0.3306744017403916,0.31689630166787525,0.359680928208847,345.76169783641996,278.43791140521563,396.8601752436072,443.5902021724683,345.76169783641996,278.43791140521563,396.8601752436072,443.5902021724683,951350272,1173222463,0,0,0,0,22464
235,0.36548223350253806,0.3509789702683104,0.34517766497461927,0.3386511965192168,341.07367503645384,278.42750603865164,394.3773697452019,440.5159881977699,341.07367503645384,278.42750603865164,394.3773697452019,440.5159881977699,988119322,1173222463,0,0,0,0,22560
236,0.37055837563451777,0.3756345177664975,0.3741841914430747,0.331399564902103,349.1918878697748,280.0413267624619,396.3565150164396,447.6935382250152,349.1918878697748,280.0413267624619,396.3565150164396,447.6935382250152,1294962556,1173222463,0,0,0,0,22656
237,0.3749093546047861,0.34735315445975345,0.3633067440174039,0.3357505438723713,343.30264693174547,278.3195854254135,395.2898084733522,440.9504327837022,343.30264693174547,278.3195854254135,395.2898084733522,440.9504327837022,482578640,1173222463,0,0,0,0,22752
238,0.3255982596084119,0.33720087019579403,0.3778100072516316,0.32414793328498914,342.7333287474257,278.27365583104483,392.77136795042895,441.74809509785774,342.7333287474257,278.27365583104483,392.77136795042895,441.74809509785774,2108837904,1173222463,0,0,0,0,22848
239,0.397389412617839,0.3393763596809282,0.37200870195794056,0.331399564902103,343.40762835263973,279.0390038215987,394.6491008834406,443.02873791135045,343.40762835263973,279.0390038215987,394.6491008834406,443.02873791135045,503684117,1173222463,0,0,0,0,22944
240,0.34662799129804206,0.34590282813633066,0.33720087019579403,0.34227701232777374,341.6887722639957,280.0580199058081,396.3411501607812,441.5708374870524,341.6887722639957,280.0580199058081,396.3411501607812,441.5708374870524,1313103076,1173222463,0,0,0,0,23040
241,0.3930384336475707,0.3821609862218999,0.3386511965192168,0.36548223350253806,335.0632938906378,277.90454214802674,392.01415147616547,435.7294483243998,335.0632938906378,277.90454214802674,392.01415147616547,435.7294483243998,505884417,1173222463,0,0,0,0,23136
242,0.36113125453226974,0.32414793328498914,0.32414793328498914,0.34735315445975345,344.99868027797544,278.1304548100752,392.46123846070486,442.2257391157978,344.99868027797544,278.1304548100752,392.46123846070486,442.2257391157978,172958322,1173222463,0,0,0,0,23232
243,0.37200870195794056,0.3836113125453227,0.34372733865119653,0.34590282813633066,344.94385931645786,279.515264663826,395.3991632759654,443.9778795143763,344.94385931645786,279.515264663826,395.3991632759654,443.9778795143763,1153589457,1173222463,0,0,0,0,23328
244,0.38723712835387963,0.3401015228426396,0.3734590282813633,0.3328498912255257,338.01228540413666,280.09416913826004,394.3115370174686,440.3236053432607,338.01228540413666,280.09416913826004,394.3115370174686,440.3236053432607,1395704830,1173222463,0,0,0,0,23424
245,0.3995649021029732,0.33720087019579403,0.3531544597534445,0.3364757070340827,351.2219218438745,280.4787000331115,397.05495749429906,449.0696633851027,351.2219218438745,280.4787000331115,397.05495749429906,449.0696633851027,1981091242,1173222463,0,0,0,0,23520
246,0.359680928208847,0.3401015228426396,0.3531544597534445,0.359680928208847,342.25383864985236,281.0928345759729,397.0117393049809,442.3723116449693,342.25383864985236,281.0928345759729,397.0117393049809,442.3723116449693,2114858520,1173222463,0,0,0,0,23616
247,0.3575054387237128,0.34300217548948514,0.3633067440174039,0.34590282813633066,346.5177270748625,279.5983333526308,395.47090109574225,445.7100729722627,346.5177270748625,279.5983333526308,395.47090109574225,445.7100729722627,1112538227,1173222463,0,0,0,0,23712
248,0.39013778100072516,0.37055837563451777,0.3604060913705584,0.3734590282813633,333.64542436634014,279.8976304630431,393.31341859047075,435.6406052666223,333.64542436634014,279.8976304630431,393.31341859047075,435.6406052666223,756391680,1173222463,0,0,0,0,23808
249,0.38143582306018853,0.3401015228426396,0.3364757070340827,0.3546047860768673,343.4845355487696,278.5537373730303,396.26659585231437,441.9503785064673,343.4845355487696,278.5537373730303,396.26659585231437,441.9503785064673,1031513291,1173222463,0,0,0,0,23904
250,0.33720087019579403,0.3401015228426396,0.3343002175489485,0.3255982596084119,339.84720476596135,278.64976608447313,393.10858186939487,439.6273274317386,339.84720476596135,278.64976608447313,393.10858186939487,439.6273274317386,1820327525,1173222463,0,0,0,0,24000
251,0.3509789702683104,0.359680928208847,0.37128353879622916,0.3357505438723713,341.6469812974002,277.89819178160667,393.60676253053435,439.6666467111658,341.6469812974002,277.89819178160667,393.60676253053435,439.6666467111658,51143358,1173222463,0,0,0,0,24096
252,0.32414793328498914,0.350253807106599,0.34445250181290793,0.33792603335750543,338.003602968291,279.32453989137383,393.40541174056403,439.8356941483122,338.003602968291,279.32453989137383,393.40541174056403,439.8356941483122,678511078,1173222463,0,0,0,0,24192
253,0.42929659173313994,0.36258158085569253,0.37128353879622916,0.37055837563451777,346.1953710715087,279.6295677377372,395.5645237036759,445.55517439469946,346.1953710715087,279.6295677377372,395.5645237036759,445.55517439469946,1029085636,1173222463,0,0,0,0,24288
254,0.34227701232777374,0.32414793328498914,0.34082668600435095,0.3538796229151559,348.14577201254644,279.0882373902349,396.1780030205209,446.59381037990045,348.14577201254644,279.0882373902349,396.1780030205209,446.59381037990045,821127185,1173222463,0,0,0,0,24384
255,0.406816533720087,0.3734590282813633,0.3575054387237128,0.3727338651196519,343.6678423836057,280.7559579876931,396.85015473796426,443.5304277778802,343.6678423836057,280.7559579876931,396.85015473796426,443.5304277778802,1480618213,1173222463,0,0,0,0,24480
256,0.38941261783901376,0.3263234227701233,0.3509789702683104,0.3560551124002901,340.07469691994754,281.17737442778815,396.6416044922793,442.3927472717861,340.07469691994754,281.17737442778815,396.6416044922793,442.3927472717861,235234295,1173222463,0,0,0,0,24576
257,0.3582306018854242,0.3335750543872371,0.3364757070340827,0.3263234227701233,342.85246870520047,279.9951739714266,396.3709881115486,442.70082625567125,342.85246870520047,279.9951739714266,396.3709881115486,442.70082625567125,663461038,1173222463,0,0,0,0,24672
258,0.3756345177664975,0.34662799129804206,0.3401015228426396,0.3357505438723713,344.0996641155729,279.1579671118375,396.5748541158682,442.6882919829841,344.0996641155729,279.1579671118375,396.5748541158682,442.6882919829841,1325803342,1173222463,0,0,0,0,24768
259,0.3741841914430747,0.3727338651196519,0.33792603335750543,0.32704858593183467,340.0747199739249,279.48800053531863,396.0685148146065,441.52065906288726,340.0747199739249,279.48800053531863,396.0685148146065,441.52065906288726,1786235971,1173222463,0,0,0,0,24864
260,0.38071065989847713,0.34445250181290793,0.3546047860768673,0.34735315445975345,342.15929078452706,279.4169743981981,395.5609923777534,441.6794347697069,342.15929078452706,279.4169743981981,395.5609923777534,441.6794347697069,2058187566,1173222463,0,0,0,0,24960
261,0.3488034807831762,0.3386511965192168,0.36548223350253806,0.36838288614938364,337.4085076831697,280.6057445477765,396.8518076887503,438.90152357506673,337.4085076831697,280.6057445477765,396.8518076887503,438.90152357506673,32533917,1173222463,0,0,0,0,25056
262,0.397389412617839,0.3350253807106599,0.33792603335750543,0.3589557650471356,345.39389223111573,280.0131156025306,394.9143728581803,445.12449843363964,345.39389223111573,280.0131156025306,394.9143728581803,445.12449843363964,330367205,1173222463,0,0,0,0,25152
263,0.36838288614938364,0.3393763596809282,0.33792603335750543,0.3299492385786802,339.5836704608179,279.6685719970963,395.8481855401819,440.0134324137907,339.5836704608179,279.6685719970963,395.8481855401819,440.0134324137907,332789861,1173222463,0,0,0,0,25248
264,0.38143582306018853,0.3734590282813633,0.3357505438723713,0.37200870195794056,339.184031232535,280.8448338953831,395.2330254457526,442.1358183283752,339.184031232535,280.8448338953831,395.2330254457526,442.1358183283752,2107500852,1173222463,0,0,0,0,25344
265,0.3749093546047861,0.3575054387237128,0.3255982596084119,0.3495286439448876,340.7007895036327,278.7456754473751,394.53104580436417,439.71566702745594,340.7007895036327,278.7456754473751,394.53104580436417,439.71566702745594,548824639,1173222463,0,0,0,0,25440
266,0.36765772298767224,0.35242929659173317,0.3495286439448876,0.3640319071791153,347.3420637742714,278.6321336650864,395.0497738054459,445.5833699213162,347.3420637742714,278.6321336650864,395.0497738054459,445.5833699213162,1687237582,1173222463,0,0,0,0,25536
267,0.3821609862218999,0.3401015228426396,0.36113125453226974,0.34662799129804206,340.11218569468633,280.26062300060534,393.9615059422837,441.42034621329816,340.11218569468633,280.26062300060534,393.9615059422837,441.42034621329816,1837334672,1173222463,0,0,0,0,25632
268,0.3321247280638144,0.3749093546047861,0.36620739666424945,0.3575054387237128,342.06376433813597,280.4199325222062,395.64429294161755,443.07288790406733,342.06376433813597,280.4199325222062,395.64429294161755,443.07288790406733,210748721,1173222463,0,0,0,0,25728
269,0.3763596809282089,0.37055837563451777,0.34807831762146485,0.3633067440174039,329.3185793814225,280.0052890429543,395.51519845370615,431.33870075267174,329.3185793814225,280.0052890429543,395.51519845370615,431.33870075267174,1636442995,1173222463,0,0,0,0,25824
270,0.3749093546047861,0.3328498912255257,0.3589557650471356,0.3734590282813633,347.2710115055812,280.7228085094165,397.8461667455344,445.9278772843424,347.2710115055812,280.7228085094165,397.8461667455344,445.9278772843424,105481784,1173222463,0,0,0,0,25920
271,0.40464104423495284,0.369108049311095,0.3633067440174039,0.37128353879622916,348.5211816436961,280.5720877130873,398.9808420749113,448.05719717803777,348.5211816436961,280.5720877130873,398.9808420749113,448.05719717803777,209161576,1173222463,0,0,0,0,26016
272,0.3763596809282089,0.34155184916606235,0.34662799129804206,0.31907179115300943,340.315438434085,279.5918637634107,396.0333205230295,440.0952184540098,340.315438434085,279.5918637634107,396.0333205230295,440.0952184540098,845065824,1173222463,0,0,0,0,26112
273,0.3988397389412618,0.3553299492385787,0.312545322697607,0.3770848440899202,344.1421806949935,280.18885037763175,396.5530729564953,443.47060832601227,344.1421806949935,280.18885037763175,396.5530729564953,443.47060832601227,40737032,1173222463,0,0,0,0,26208
274,0.36620739666424945,0.38071065989847713,0.3509789702683104,0.331399564902103,348.7709709297308,279.9864296000472,398.1272691836071,446.3810691689135,348.7709709297308,279.9864296000472,398.1272691836071,446.3810691689135,1496516821,1173222463,0,0,0,0,26304
275,0.36620739666424945,0.33792603335750543,0.34445250181290793,0.3509789702683104,345.0310894501992,280.3902549208512,398.49067911387544,445.1497481857865,345.0310894501992,280.3902549208512,398.49067911387544,445.1497481857865,1809317048,1173222463,0,0,0,0,26400
276,0.3828861493836113,0.3770848440899202,0.37200870195794056,0.3546047860768673,338.20194497048305,279.8503534785767,397.71117105141604,439.0851594310834,338.20194497048305,279.8503534785767,397.71117105141604,439.0851594310834,1733246965,1173222463,0,0,0,0,26496
277,0.37128353879622916,0.3582306018854242,0.3306744017403916,0.35170413343002177,348.5632831481166,280.1067315515276,397.1745323750928,446.82413671445687,348.5632831481166,280.1067315515276,397.1745323750928,446.82413671445687,1343379361,1173222463,0,0,0,0,26592
278,0.37128353879622916,0.3357505438723713,0.38071065989847713,0.34155184916606235,349.6000766442659,280.4122083472768,398.0742025131936,448.26739761365513,349.6000766442659,280.4122083472768,398.0742025131936,448.26739761365513,178480966,1173222463,0,0,0,0,26688
279,0.34590282813633066,0.3567802755620014,0.34735315445975345,0.34735315445975345,341.3929503535234,280.6024111253043,397.1800330502991,442.317781857676,341.3929503535234,280.6024111253043,397.1800330502991,442.317781857676,1865256966,1173222463,0,0,0,0,26784
280,0.34300217548948514,0.36693255982596085,0.34590282813633066,0.3364757070340827,343.52345724353745,280.30394478855453,397.083070618567,443.28450025734526,343.52345724353745,280.30394478855453,397.083070618567,443.28450025734526,698562946,1173222463,0,0,0,0,26880
281,0.350253807106599,0.34227701232777374,0.35242929659173317,0.3560551124002901,335.4010487733743,279.96376057059416,394.0937575685218,436.6583299585285,335.4010487733743,279.96376057059416,394.0937575685218,436.6583299585285,1336990080,1173222463,0,0,0,0,26976
282,0.3836113125453227,0.35242929659173317,0.3538796229151559,0.35170413343002177,345.67338267880376,280.2118342872296,398.45449297770256,445.4123349587839,345.67338267880376,280.2118342872296,398.45449297770256,445.4123349587839,674492567,1173222463,0,0,0,0,27072
283,0.38578680203045684,0.34807831762146485,0.3343002175489485,0.3734590282813633,338.74149001748935,279.8100169265618,395.61460105151946,439.9656610655989,338.74149001748935,279.8100169265618,395.61460105151946,439.9656610655989,489456460,1173222463,0,0,0,0,27168
284,0.3328498912255257,0.36258158085569253,0.3328498912255257,0.3488034807831762,338.8144753076553,280.3776467056084,397.25242314016464,440.32696112984695,338.8144753076553,280.3776467056084,397.25242314016464,440.32696112984695,377348352,1173222463,0,0,0,0,27264
285,0.3727338651196519,0.3306744017403916,0.3364757070340827,0.3589557650471356,337.07538103336213,280.37773425643616,395.9655660727273,440.07624104283906,337.07538103336213,280.37773425643616,395.9655660727273,440.07624104283906,1886489284,1173222463,0,0,0,0,27360
286,0.38868745467730237,0.3734590282813633,0.36620739666424945,0.3582306018854242,345.2695451049331,280.42039434903285,395.698810527437,444.790248125021,345.2695451049331,280.42039434903285,395.698810527437,444.790248125021,2042686562,1173222463,0,0,0,0,27456
287,0.3401015228426396,0.36185641769398114,0.34372733865119653,0.34590282813633066,346.4607734079596,279.3137152669691,395.73567535363617,444.6715621103975,346.4607734079596,279.3137152669691,395.73567535363617,444.6715621103975,1659113865,1173222463,0,0,0,0,27552
288,0.34590282813633066,0.37055837563451777,0.3343002175489485,0.3299492385786802,334.42348394695125,280.65770430046655,393.6485934436664,436.393373701694,334.42348394695125,280.65770430046655,393.6485934436664,436.393373701694,1008808021,1173222463,0,0,0,0,27648
289,0.35170413343002177,0.331399564902103,0.34372733865119653,0.3335750543872371,335.343342618194,279.7398893300639,395.2692985557571,436.1656181420593,335.343342618194,279.7398893300639,395.2692985557571,436.1656181420593,1704816042,1173222463,0,0,0,0,27744
290,0.369108049311095,0.36693255982596085,0.3154459753444525,0.350253807106599,342.66836988344613,279.6902967836279,396.7981265110501,442.3854987508001,342.66836988344613,279.6902967836279,396.7981265110501,442.3854987508001,1055555588,1173222463,0,0,0,0,27840
291,0.34735315445975345,0.35170413343002177,0.34735315445975345,0.32414793328498914,345.07970603427276,279.1396725293241,397.8839165610445,443.3380860373932,345.07970603427276,279.1396725293241,397.8839165610445,443.3380860373932,189039868,1173222463,0,0,0,0,27936
292,0.3139956490210297,0.33792603335750543,0.3589557650471356,0.34227701232777374,341.3286675996549,280.1835257536212,396.9831188937901,442.84837997163896,341.3286675996549,280.1835257536212,396.9831188937901,442.84837997163896,582487504,1173222463,0,0,0,0,28032
293,0.3778100072516316,0.3393763596809282,0.3756345177664975,0.3604060913705584,344.5677241950603,279.5413824176542,397.4140648145141,444.13709749800563,344.5677241950603,279.5413824176542,397.4140648145141,444.13709749800563,760520340,1173222463,0,0,0,0,28128
294,0.34807831762146485,0.34662799129804206,0.35242929659173317,0.34082668600435095,338.4902221989665,280.2864635024792,395.0999271548524,439.41788170473467,338.4902221989665,280.2864635024792,395.0999271548524,439.41788170473467,1605183473,1173222463,0,0,0,0,28224
295,0.41044234952864395,0.34300217548948514,0.36693255982596085,0.3749093546047861,339.258241038104,280.53219844527615,395.27115244250075,439.0561803904992,339.258241038104,280.53219844527615,395.27115244250075,439.0561803904992,1192563673,1173222463,0,0,0,0,28320
296,0.3357505438723713,0.3560551124002901,0.36113125453226974,0.36475707034082666,342.6634565308312,279.55583782411486,395.575487882285,442.1418988909569,342.6634565308312,279.55583782411486,395.575487882285,442.1418988909569,2003417120,1173222463,0,0,0,0,28416
297,0.34372733865119653,0.3509789702683104,0.3335750543872371,0.3582306018854242,338.98601962629624,280.8068879280251,394.87391544293547,439.5964911309956,338.98601962629624,280.8068879280251,394.87391544293547,439.5964911309956,1181225792,1173222463,0,0,0,0,28512
298,0.36838288614938364,0.32197244379985496,0.3495286439448876,0.3263234227701233,338.5044075759613,279.83981121030456,393.60597983008654,439.4453546784719,338.5044075759613,279.83981121030456,393.60597983008654,439.4453546784719,1447654725,1173222463,0,0,0,0,28608
299,0.369108049311095,0.3350253807106599,0.34227701232777374,0.32342277012327775,338.75276669872676,280.25304267854443,394.3956934741467,439.5679333703455,338.75276669872676,280.25304267854443,394.3956934741467,439.5679333703455,1402748765,1173222463,0,0,0,0,28704
300,0.34662799129804206,0.350253807106599,0.3749093546047861,0.31834662799129804,346.1579936619651,279.7347607287711,397.04478919140394,443.7961289540144,346.1579936619651,279.7347607287711,397.04478919140394,443.7961289540144,1921120957,1173222463,0,0,0,0,28800
301,0.3995649021029732,0.34227701232777374,0.3335750543872371,0.3567802755620014,333.661824936489,280.5362846685406,395.364922220906,435.637242430791,333.661824936489,280.5362846685406,395.364922220906,435.637242430791,1221707562,1173222463,0,0,0,0,28896
302,0.3401015228426396,0.36185641769398114,0.34372733865119653,0.34662799129804206,343.3992405275477,280.24683227852364,397.24018270124884,443.69938174523776,343.3992405275477,280.24683227852364,397.24018270124884,443.69938174523776,603148313,1173222463,0,0,0,0,28992
303,0.4039158810732415,0.3357505438723713,0.3321247280638144,0.34735315445975345,345.0100091958732,281.18600553049816,395.72762719596375,444.3986528455465,345.0100091958732,281.18600553049816,395.72762719596375,444.3986528455465,1580448088,1173222463,0,0,0,0,29088
304,0.3343002175489485,0.350253807106599,0.3770848440899202,0.34227701232777374,341.76776786014045,279.6530200009793,396.2566960641655,441.83894956211765,341.76776786014045,279.6530200009793,396.2566960641655,441.83894956211765,1327007373,1173222463,0,0,0,0,29184
305,0.40971718636693255,0.3509789702683104,0.3306744017403916,0.35170413343002177,341.67562331689686,280.42637951249446,395.6779246174826,441.70277630256896,341.67562331689686,280.42637951249446,395.6779246174826,441.70277630256896,1528620558,1173222463,0,0,0,0,29280
306,0.3560551124002901,0.34372733865119653,0.3589557650471356,0.3386511965192168,337.9965474805495,279.6036210038169,395.41381342489797,438.6449630862926,337.9965474805495,279.6036210038169,395.41381342489797,438.6449630862926,516144407,1173222463,0,0,0,0,29376
307,0.3488034807831762,0.3546047860768673,0.36475707034082666,0.34735315445975345,344.9091006854091,280.15182214888506,396.7550957145527,444.0724158483785,344.9091006854091,280.15182214888506,396.7550957145527,444.0724158483785,397921334,1173222463,0,0,0,0,29472
308,0.36113125453226974,0.3553299492385787,0.34300217548948514,0.3770848440899202,338.8213777968564,279.5098616322507,396.3509639591186,439.73393925447243,338.8213777968564,279.5098616322507,396.3509639591186,439.73393925447243,115830048,1173222463,0,0,0,0,29568
309,0.39013778100072516,0.359680928208847,0.3132704858593183,0.36765772298767224,344.47206255277234,280.6490070071663,396.3680968801282,444.6256190956993,344.47206255277234,280.6490070071663,396.3680968801282,444.6256190956993,651661044,1173222463,0,0,0,0,29664
310,0.34445250181290793,0.36113125453226974,0.36258158085569253,0.34227701232777374,341.36518859642075,279.0194042892399,397.06706664945233,441.57230227252006,341.36518859642075,279.0194042892399,397.06706664945233,441.57230227252006,1928120229,1173222463,0,0,0,0,29760
311,0.3546047860768673,0.3553299492385787,0.34590282813633066,0.34662799129804206,336.77741127068225,280.3867736984841,393.45113750039155,438.33942115504647,336.77741127068225,280.3867736984841,393.45113750039155,438.33942115504647,1645866187,1173222463,0,0,0,0,29856
312,0.34807831762146485,0.3749093546047861,0.34155184916606235,0.36185641769398114,347.2241353316383,280.0617889034386,396.4511851446596,446.038749741775,347.2241353316383,280.0617889034386,396.4511851446596,446.038749741775,1065968221,1173222463,0,0,0,0,29952
313,0.39521392313270487,0.369108049311095,0.34590282813633066,0.34735315445975345,340.31626345846865,278.9368765925274,396.383168998067,440.20686864418116,340.31626345846865,278.9368765925274,396.383168998067,440.20686864418116,127279116,1173222463,0,0,0,0,30048
314,0.36838288614938364,0.32197244379985496,0.37128353879622916,0.34807831762146485,345.45705870921614,279.3618475807654,397.8013023297803,444.4364324626509,345.45705870921614,279.3618475807654,397.8013023297803,444.4364324626509,2090875747,1173222463,0,0,0,0,30144
315,0.38143582306018853,0.3335750543872371,0.34227701232777374,0.36620739666424945,346.254833917797,280.21296794835837,398.23817376118177,444.27106464337345,346.254833917797,280.21296794835837,398.23817376118177,444.27106464337345,2032019849,1173222463,0,0,0,0,30240
316,0.40536620739666424,0.32414793328498914,0.34372733865119653,0.3633067440174039,340.94014313311436,280.31643747310477,395.965342852921,442.3212847851493,340.94014313311436,280.31643747310477,395.965342852921,442.3212847851493,112248606,1173222463,0,0,0,0,30336
317,0.3335750543872371,0.34807831762146485,0.369108049311095,0.35242929659173317,340.52189912290703,280.71594156708534,396.5762345064899,440.8560526399473,340.52189912290703,280.71594156708534,396.5762345064899,440.8560526399473,698725097,1173222463,0,0,0,0,30432
318,0.3567802755620014,0.36475707034082666,0.34662799129804206,0.34807831762146485,343.6150995681055,279.21506590588956,395.8648344938956,442.89849367479405,343.6150995681055,279.21506590588956,395.8648344938956,442.89849367479405,1280173704,1173222463,0,0,0,0,30528
319,0.3343002175489485,0.34227701232777374,0.3357505438723713,0.35170413343002177,344.42060586537383,281.25215925871225,397.80924287664806,444.60126948258034,344.42060586537383,281.25215925871225,397.80924287664806,444.60126948258034,1774756513,1173222463,0,0,0,0,30624
320,0.38941261783901376,0.34082668600435095,0.35242929659173317,0.350253807106599,342.4314548220816,280.3829971414475,397.50797908879923,443.3514884110001,342.4314548220816,280.3829971414475,397.50797908879923,443.3514884110001,1860192646,1173222463,0,0,0,0,30720
321,0.3749093546047861,0.3321247280638144,0.34517766497461927,0.32342277012327775,347.91849152781043,279.1951352738571,397.2720308202827,446.8434207462371,347.91849152781043,279.1951352738571,397.2720308202827,446.8434207462371,1579191081,1173222463,0,0,0,0,30816
322,0.3734590282813633,0.32849891225525746,0.3567802755620014,0.36258158085569253,341.8010715123618,279.78358192563394,395.6616587426781,442.9483276692948,341.8010715123618,279.78358192563394,395.6616587426781,442.9483276692948,1045950996,1173222463,0,0,0,0,30912
323,0.3553299492385787,0.3843364757070341,0.3509789702683104,0.3096446700507614,337.4414682634584,279.84301559660184,393.2854142206565,437.27684360073187,337.4414682634584,279.84301559660184,393.2854142206565,437.27684360073187,234058979,1173222463,0,0,0,0,31008
324,0.40536620739666424,0.3553299492385787,0.34445250181290793,0.3582306018854242,334.7401929099723,280.77866051900077,394.24660091752264,437.01794134218954,334.7401929099723,280.77866051900077,394.24660091752264,437.01794134218954,1745392623,1173222463,0,0,0,0,31104
325,0.38506163886874545,0.3401015228426396,0.3357505438723713,0.34445250181290793,338.0551835748045,280.91983712423854,395.43785245247085,439.2808688367256,338.0551835748045,280.91983712423854,395.43785245247085,439.2808688367256,117571972,1173222463,0,0,0,0,31200
326,0.36983321247280637,0.3488034807831762,0.3633067440174039,0.3488034807831762,348.9550823272262,279.46314865755494,396.42830291753967,446.9287609158204,348.9550823272262,279.46314865755494,396.42830291753967,446.9287609158204,907563012,1173222463,0,0,0,0,31296
327,0.4010152284263959,0.3509789702683104,0.369108049311095,0.34082668600435095,341.01437348284264,277.57238460128997,394.66365142079127,439.66503647186414,341.01437348284264,277.57238460128997,394.66365142079127,439.66503647186414,1596500752,1173222463,0,0,0,0,31392
328,0.38506163886874545,0.3364757070340827,0.34372733865119653,0.3538796229151559,348.1571828863321,278.8262757905347,396.05549442953793,445.64598493016285,348.1571828863321,278.8262757905347,396.05549442953793,445.64598493016285,1098739366,1173222463,0,0,0,0,31488
329,0.3843364757070341,0.3495286439448876,0.3248730964467005,0.3509789702683104,339.45656465495534,278.52152089392507,392.1670608398934,438.8362610755441,339.45656465495534,278.52152089392507,392.1670608398934,438.8362610755441,182732521,1173222463,0,0,0,0,31584
330,0.34735315445975345,0.3741841914430747,0.3386511965192168,0.34227701232777374,343.61715951142855,278.9293451222693,394.70270603203056,443.5833368593454,343.61715951142855,278.9293451222693,394.70270603203056,443.5833368593454,2036621279,1173222463,0,0,0,0,31680
331,0.3538796229151559,0.3560551124002901,0.32777374909354606,0.34590282813633066,345.72020769124504,279.4244072450024,395.88143839869525,444.9188269106301,345.72020769124504,279.4244072450024,395.88143839869525,444.9188269106301,1765757190,1173222463,0,0,0,0,31776
332,0.3741841914430747,0.34155184916606235,0.359680928208847,0.3306744017403916,332.0952922148052,279.3348279115894,392.9999600615414,433.3714258294333,332.0952922148052,279.3348279115894,392.9999600615414,433.3714258294333,199043206,1173222463,0,0,0,0,31872
333,0.3321247280638144,0.3488034807831762,0.36258158085569253,0.3560551124002901,351.568407760349,278.35491106518447,394.4294586844205,449.27303863271135,351.568407760349,278.35491106518447,394.4294586844205,449.27303863271135,462853251,1173222463,0,0,0,0,31968
334,0.34807831762146485,0.35170413343002177,0.31689630166787525,0.3531544597534445,340.02822867452664,275.9118927358343,392.6595952925694,438.3097729062673,340.02822867452664,275.9118927358343,392.6595952925694,438.3097729062673,2111149331,1173222463,0,0,0,0,32064
335,0.41044234952864395,0.3640319071791153,0.3328498912255257,0.3640319071791153,334.928642256796,279.7318359386403,392.10604200004815,436.92578638444644,334.928642256796,279.7318359386403,392.10604200004815,436.92578638444644,165574918,1173222463,0,0,0,0,32160
336,0.37200870195794056,0.3495286439448876,0.3509789702683104,0.34300217548948514,340.76402481637086,278.69830849944395,393.074072649339,439.6378444314961,340.76402481637086,278.69830849944395,393.074072649339,439.6378444314961,1585929466,1173222463,0,0,0,0,32256
337,0.37200870195794056,0.3553299492385787,0.3154459753444525,0.369108049311095,339.16552518839705,277.7595951352032,392.2309966927179,438.64287957185775,339.16552518839705,277.7595951352032,392.2309966927179,438.64287957185775,658997328,1173222463,0,0,0,0,32352
338,0.34445250181290793,0.3509789702683104,0.34807831762146485,0.369108049311095,338.3524546903785,276.7114356550525,390.97851600692906,437.4411201574151,338.3524546903785,276.7114356550525,390.97851600692906,437.4411201574151,793623960,1173222463,0,0,0,0,32448
339,0.36693255982596085,0.36185641769398114,0.32777374909354606,0.3582306018854242,345.4752318868177,278.2910159863213,390.9262413927835,442.72934411000136,345.4752318868177,278.2910159863213,390.9262413927835,442.72934411000136,1082226499,1173222463,0,0,0,0,32544
340,0.36258158085569253,0.3393763596809282,0.34227701232777374,0.35170413343002177,339.848267880119,276.2755389116323,390.9272693930384,437.64833497509164,339.848267880119,276.2755389116323,390.9272693930384,437.64833497509164,1598134364,1173222463,0,0,0,0,32640
341,0.3799854967367658,0.3495286439448876,0.38868745467730237,0.34300217548948514,337.58873570972906,276.4873768075775,390.1826307698626,436.9459465896752,337.58873570972906,276.4873768075775,390.1826307698626,436.9459465896752,730530056,1173222463,0,0,0,0,32736
342,0.35242929659173317,0.3836113125453227,0.3553299492385787,0.3582306018854242,340.56326198095815,275.43559354861367,391.10311954580146,437.9569591604324,340.56326198095815,275.43559354861367,391.10311954580146,437.9569591604324,79609660,1173222463,0,0,0,0,32832
343,0.40899202320522116,0.3604060913705584,0.34735315445975345,0.32704858593183467,345.81158376141246,276.4098945538809,391.6689997916198,442.52151526095327,345.81158376141246,276.4098945538809,391.6689997916198,442.52151526095327,1317919810,1173222463,0,0,0,0,32928
344,0.35170413343002177,0.3843364757070341,0.3263234227701233,0.34590282813633066,338.6744201272568,277.1099488752061,391.31275673791475,437.96874865682565,338.6744201272568,277.1099488752061,391.31275673791475,437.96874865682565,943837356,1173222463,0,0,0,0,33024
345,0.38506163886874545,0.3328498912255257,0.3488034807831762,0.35242929659173317,342.17515601582755,276.1620864361696,391.97266987942464,438.9769702954846,342.17515601582755,276.1620864361696,391.97266987942464,438.9769702954846,1564501906,1173222463,0,0,0,0,33120
346,0.3778100072516316,0.33720087019579403,0.36185641769398114,0.34662799129804206,338.86027118322056,276.53452478874595,390.9245164887899,436.59838270795274,338.86027118322056,276.53452478874595,390.9245164887899,436.59838270795274,44234604,1173222463,0,0,0,0,33216
347,0.41624365482233505,0.36983321247280637,0.3255982596084119,0.34227701232777374,342.97960005027625,277.68816335076497,392.02137899751386,443.0739256552867,342.97960005027625,277.68816335076497,392.02137899751386,443.0739256552867,1851446455,1173222463,0,0,0,0,33312
348,0.34735315445975345,0.32197244379985496,0.36185641769398114,0.34590282813633066,337.2743387807151,277.9159119080714,391.863397025559,437.4248041183831,337.2743387807151,277.9159119080714,391.863397025559,437.4248041183831,503414538,1173222463,0,0,0,0,33408
349,0.378535170413343,0.3756345177664975,0.3132704858593183,0.36113125453226974,340.45017935394606,276.9409884359737,391.6472476044002,439.56806198830355,340.45017935394606,276.9409884359737,391.6472476044002,439.56806198830355,1611670685,1173222463,0,0,0,0,33504
350,0.36548223350253806,0.38578680203045684,0.3248730964467005,0.36185641769398114,340.688614987109,277.59904547646113,391.3012509776,438.5782344416509,340.688614987109,277.59904547646113,391.3012509776,438.5782344416509,1206221623,1173222463,0,0,0,0,33600
351,0.36548223350253806,0.32342277012327775,0.3582306018854242,0.32704858593183467,347.0654396136235,277.21322418906146,393.0691229759004,443.919374663412,347.0654396136235,277.21322418906146,393.0691229759004,443.919374663412,2091693331,1173222463,0,0,0,0,33696
352,0.3727338651196519,0.36983321247280637,0.359680928208847,0.3604060913705584,344.5626403434206,277.90859832451576,396.5687618900405,443.18056174507853,344.5626403434206,277.90859832451576,396.5687618900405,443.18056174507853,1674181672,1173222463,0,0,0,0,33792
353,0.38723712835387963,0.37200870195794056,0.37200870195794056,0.34590282813633066,336.0129995231225,279.0622317234036,392.5058409610123,436.32614804750693,336.0129995231225,279.0622317234036,392.5058409610123,436.32614804750693,580969593,1173222463,0,0,0,0,33888
354,0.3328498912255257,0.3589557650471356,0.3401015228426396,0.3364757070340827,348.46040261614377,279.3858667106792,396.793427905681,446.6188160176245,348.46040261614377,279.3858667106792,396.793427905681,446.6188160176245,232201967,1173222463,0,0,0,0,33984
355,0.4213197969543147,0.3770848440899202,0.36838288614938364,0.36983321247280637,345.88595437881463,278.2144430201066,395.35372247206476,443.7010513290923,345.88595437881463,278.2144430201066,395.35372247206476,443.7010513290923,2092200807,1173222463,0,0,0,0,34080
356,0.36113125453226974,0.3401015228426396,0.34735315445975345,0.3589557650471356,346.81619428366525,277.9509462997518,392.73639539104926,443.71127352913186,346.81619428366525,277.9509462997518,392.73639539104926,443.71127352913186,783017825,1173222463,0,0,0,0,34176
357,0.32414793328498914,0.34662799129804206,0.34662799129804206,0.3401015228426396,341.93325519422353,279.15934453713413,393.22809835069245,442.0902652563151,341.93325519422353,279.15934453713413,393.22809835069245,442.0902652563151,505321964,1173222463,0,0,0,0,34272
358,0.33792603335750543,0.3792603335750544,0.3495286439448876,0.350253807106599,337.63549003181595,278.2533684754419,393.58547326692997,436.21090673594927,337.63549003181595,278.2533684754419,393.58547326692997,436.21090673594927,1286550740,1173222463,0,0,0,0,34368
359,0.378535170413343,0.3538796229151559,0.3306744017403916,0.34517766497461927,343.3225392962607,277.2212591939191,392.965865496092,441.102204019992,343.3225392962607,277.2212591939191,392.965865496092,441.102204019992,205045111,1173222463,0,0,0,0,34464
360,0.3741841914430747,0.3741841914430747,0.3488034807831762,0.3553299492385787,340.8564862319781,276.67936851791103,391.87866396258414,438.2163626686286,340.8564862319781,276.67936851791103,391.87866396258414,438.2163626686286,42737937,1173222463,0,0,0,0,34560
361,0.3364757070340827,0.34590282813633066,0.32414793328498914,0.3553299492385787,339.2608731756361,277.5296284927255,391.2726450822271,438.30201054987504,339.2608731756361,277.5296284927255,391.2726450822271,438.30201054987504,791452918,1173222463,0,0,0,0,34656
362,0.3553299492385787,0.34227701232777374,0.33792603335750543,0.32124728063814356,339.6873384767001,276.8727320997763,391.32960141219485,439.00830222742314,339.6873384767001,276.8727320997763,391.32960141219485,439.00830222742314,1916303339,1173222463,0,0,0,0,34752
363,0.38071065989847713,0.32777374909354606,0.3828861493836113,0.34807831762146485,333.839166252256,277.6122079785198,391.14358719143576,434.12620072485004,333.839166252256,277.6122079785198,391.14358719143576,434.12620072485004,79386664,1173222463,0,0,0,0,34848
364,0.38941261783901376,0.34227701232777374,0.34735315445975345,0.3488034807831762,343.24764033237784,277.84015104191445,394.1167057890828,440.6600620964319,343.24764033237784,277.84015104191445,394.1167057890828,440.6600620964319,1531696467,1173222463,0,0,0,0,34944
